Dubois,Saunders,Just+Do+It!+:+Carving+Out+a+Space+for+the+Métis+in+Canadian+Federalism,,,
Dubois,Saunders,Just+Do+It!+:+Carving+Out+a+Space+for+the+Métis+in+Canadian+Federalism,,,
White,"Not+the+Almighty:+Evaluating+Aboriginal+Influence+in+Northern+Claims+Boards,",,,,
Henderson,Small+Worlds+as+Predictors+of+General+Political+Attitudes,,,,
Whitaker,Confused+Alarms+of+Struggle+and+Flight:+English-Canadian+Political+Science+in+the+1970s,,,,
Mancke,Early+Modern+Imperial+Governance+and+the+Origins+of+Canadian+Political+Culture,,,,
Careless,Limited+Identities+in+Canada,,,,
Careless,Limited+Identities+in+Canada,,,,
Abu-Laban,Regionalism%2C+Migration%2C+and+Fortress+(North)+America.+,,,,
Malloy,A+Genealogy+of+Rational+Choice:+Rationalism%2C+Elitism%2C+and+Democracy”,,,,
White,Governance+in+Nunavut:+Capacity+vs+Culture?,,,,
Pammett,Le+Duc,Sovereignty%2C+Leadership+and+Voting+in+the+Quebec+Referendums,,,
Lindquist,White,Streams%2C+Springs+and+Stones:+Ontario+Public+Service+Reform+in+the+1980s+and+1990s,,,
Bilodeau,Turgeon,Kadakoc,+Small+Worlds+of+Diversity:+Views+Toward+Immigration+and+Racial+Minorities+in+Canadian+Provinces,,
Lecours,Lapproche+néo-institutionnaliste+en+science+politique:+unité+ou+diversité?,,,,
Loewen,Bastien,(In)Significant+Elections?+Federal+By-elections+in+Canada%2C+1963-2008,,,
Vipond,1787+and+1867:+The+Federal+Principle+and+Canadian+Confederation+Reconsidered,,,,
Elkins,Simeon,A+Cause+in+Search+of+Its+Effect%2C+or+What+Does+Political+Culture+Explain,,,
Elkins,Simeon,A+Cause+in+Search+of+Its+Effect%2C+or+What+Does+Political+Culture+Explain,,,
Elkins,Simeon,A+Cause+in+Search+of+Its+Effect%2C+or+What+Does+Political+Culture+Explain?,,,
Lucas,A+Century+of+Political+Science+in+Canada,,,,
Lucas,A+Century+of+Political+Science+in+Canada,,,,
Cairns,Black,A+Different+Perspective+on+Canadian+Federalism,,,
Cairns,Black,A+Different+Perspective+on+Canadian+Federalism,,,
Esselment+Lennox,A+Little+Help+from+My+Friends:+The+Partisan+Factor+and+Intergovernmental+Negotiations+in+Canada,,,,
Esselment+Lennox,A+Little+Help+from+My+Friends:+The+Partisan+Factor+and+Intergovernmental+Negotiations+in+Canada,,,,
Loewen,Koop,Settle,Fowoler,A+Natural+Experiment+in+Proposal+Power+and+Electoral+Success,
Wiseman,A+Note+on+Hartz-Horowitz+at+Twenty:+the+Case+of+French+Canada+,,,,
Wiseman,A+Note+on+Hartz-Horowitz+at+Twenty:+the+Case+of+French+Canada+,,,,
Montpetit,A+Policy+Network+Explanation+of+Biotechnology+Differences+Between+the+United+States+and+Canada,,,,
ONeill,A+Simple+Difference+of+Opinion?+Religious+Beliefs+and+Gender+Gaps+in+Public+Opinion+in+Canada,,,,
Watkins,A+Staple+Theory+of+Economic+Growth,,,,
Watkins,A+Staple+Theory+of+Economic+Growth,,,,
Watkins,A+Staple+Theory+of+Economic+Growth,,,,
Vickers,A+Two-Way+Street:+Federalism+and+Womens+Politics+in+Canada+and+the+United+States,,,,
Schouls,Aboriginal+People+and+Electoral+Reform+in+Canada,,,,
Turpel,Aboriginal+Peoples+and+the+Canadian+Charter:+Interpretive+Monopolies%2C+Cultural+Differences,,,,
Native+Womens+Association+of+Canada,Aboriginal+Women+and+the+Constitutional+Debates:+Continuing+Discrimination,,,,
Cole,Aboriginalizing+Methodology:+Considering+the+Canoe,,,,
Blais,Accounting+for+the+Electoral+Success+of+the+Liberal+Party+in+Canada,,,,
Blais,Accounting+for+the+Electoral+Success+of+the+Liberal+Party+in+Canada,,,,
Blais,Accounting+for+the+Electoral+Success+of+the+Liberal+Party+in+Canada,,,,
Blais,Accounting+for+the+Electoral+Success+of+the+Liberal+Party+in+Canada,,,,
Blais,Accounting+for+the+Electoral+Success+of+the+Liberal+Party+in+Canada,,,,
Blais,Accounting+for+the+Electoral+Success+of+the+Liberal+Party+in+Canada,,,,
Stone,Administrative+Accountability+in+the+Westminster+Democracies,,,,
Loewen,Affinity%2C+Antipathy%2C+and+aPolitical+Participation:+How+Our+Concern+for+Others+Makes+Us+Vote,,,,
Baumgartner,Jones,Agenda+Dynamics+and+Policy+Subsystems,,,
Johnston,Alignment%2C+Realignment%2C+and+Dealignment+in+Canada:+The+View+From+Above,,,,
Johnston,Alignment%2C+Realignment%2C+and+Dealignment+in+Canada:+The+View+From+Above,,,,
Johnston,Alignment%2C+Realignment%2C+and+Dealignment+in+Canada:+The+View+From+Above,,,,
Johnston,Alignment%2C+Realignment%2C+and+Dealignment+in+Canada:+The+View+From+Above,,,,
Jenson,All+the+Worlds+a+Stage:+Ideas%2C+Spaces%2C+and+Times+in+Canadian+Political+Economy,,,,
Cairns,Alternative+Styles+in+the+Study+of+Canadian+Politics,,,,
Cairns,Alternative+Styles+in+the+Study+of+Canadian+Politics,,,,
Cairns,Alternative+Styles+in+the+Study+of+Canadian+Politics,,,,
Cairns,Alternative+Styles+in+the+Study+of+Canadian+Politics,,,,
Panitch,Gindin,American+Imperialism+and+EuroCapitalism:+The+Making+of+Neoliberal+Globalization,,,
Redekop,An+Assessment+of+the+Citizens+Assembly+on+Electoral+Reform,,,,
Redekop,An+Assessment+of+the+Citizens+Assembly+on+Electoral+Reform,,,,
Cairns,An+Election+to+be+Remembered:+Canada+1993,,,,
Belanger,Antipartyism+and+Third-Party+Vote+Choice:+A+Comparison+of+Canada%2C+Britain%2C+and+Australia,,,,
Hockin,Apex+of+Power,,,,
Magnusson,Are+municipalities+creatures+of+the+provinces?,,,,
Magnusson,Are+municipalities+creatures+of+the+provinces?,,,,
Cairns,Are+we+on+the+right+track?+,,,,
Blais,Heroux-Legault,Stephenson,Cross,Gidengil,Assessing+the+psychological+and+mechanical+impact+of+electoral+rules:+A+quasi-experiment.+
Finbow,Atlantic+Canada+in+the+Twenty-First+Century:+Prospects+for+Regional+Integration,,,,
Nadeau,Martin,Blais,Attitude+Towards+Risk-Taking+and+Individual+Choice+in+the+Quebec+Referendum+on+Sovereignty,,
Green,Autodétermination%2C+citoyenneté+et+fédéralisme+:+pour+une+relecture+autochtone+du+palimpseste+canadien,,,,
Gidengil,Nevitte,Blais,Everitt,Fournier,Back+to+the+Future?+Making+Sense+of+the+2004+Canadian+Election+outside+Quebec
Smith,Bagehot%2C+the+Crown+and+the+Canadian+Constitution,,,,
Wallner,Beyond+National+Standards:+Reconciling+Tension+Between+Federalism+and+the+Welfare+State,,,,
Wallner,Beyond+National+Standards:+Reconciling+Tension+Between+Federalism+and+the+Welfare+State,,,,
Gidengil,Beyond+the+Gender+Gap,,,,
Gibbins,Laforest,Beyond+the+Impasse:+Toward+Reconciliation,,,
Gibbins,Laforest,Beyond+the+Impasse:+Toward+Reconciliation,,,
Gibbins,Laforest,Beyond+the+Impasse:+Toward+Reconciliation,,,
National+Assembly+of+Quebec,Bill+99,,,,
Bouchard,Taylor,Bouchard-Taylor+Report+on+Accomodation+,,,
Huber,Lupia,Cabinet+instability+and+delegation+in+parliamentary+democracies,,,
McRoberts,Canada+and+the+Multinational+State,,,,
McRoberts,Canada+and+the+Multinational+State,,,,
Klassen,Canada+and+the+New+Imperialism:+The+Economics+of+a+Secondary+Power,,,,
Klassen,Canada+and+the+New+Imperialism:+The+Economics+of+a+Secondary+Power,,,,
Smiley,Canada+and+the+Quest+for+a+National+Policy,,,,
Dewitt,Canada+as+a+Principal+Power,,,,
Gidengil,Canada+Votes:+A+Quarter+Century+of+Canadian+National+Election+Studies,,,,
Gidengil,Canada+Votes:+A+Quarter+Century+of+Canadian+National+Election+Studies,,,,
Noel,Canada:+Love+It+or+Dont+Leave+It!,,,,
Sancton,Canadian+cities+and+the+new+regionalism,,,,
Smith,Canadian+Confederation+and+the+Influence+of+American+Federalism,,,,
Banting,Kymlika,Canadian+Multiculturalism+:+Global+Anxieties+and+Local+Debates.,,,
Legare,Canadian+multiculturalism+and+aboriginal+people.+Negotiating+a+place+in+the+nation,,,,
Schmidt,Canadian+Political+Economy:+A+Critique,,,,
Reid,Canadian+Political+Parties:+a+Study+of+the+Economic+and+Racial+Bases+of+Conservatism+and+Liberalism+in+1930,,,,
Taylor,Eidelman,Canadian+Political+Science+and+the+City:+A+Limited+Engagement,,,
Taylor,Eidelman,Canadian+Political+Science+and+the+City:+A+Limited+Engagement,,,
Bashevkin,Canadian+Political+Science:+Missing+in+Action?,,,,
Taylor,Eidelman,Canadian+Urban+Politics:+Another+Black+Hole,,,
Green,Canaries+in+the+Mines+of+Citizenship:+Indian+Women+in+Canada,,,,
Green,Canaries+in+the+Mines+of+Citizenship:+Indian+Women+in+Canada,,,,
Green,Canaries+in+the+Mines+of+Citizenship:+Indian+Women+in+Canada,,,,
Green,Canaries+in+the+Mines+of+Citizenship:+Indian+Women+in+Canada,,,,
Green,Canaries+in+the+Mines+of+Citizenship:+Indian+Women+in+Canada,,,,
Green,Canaries+in+the+Mines+of+Citizenship:+Indian+Women+in+Canada,,,,
Green,Canaries+in+the+Mines+of+Citizenship:+Indian+Women+in+Canada,,,,
Teeple,Capitalism+and+the+National+Question+in+Canada,,,,
Scott,Centralization+and+Decentralization+in+Canadian+Federalism+,,,,
Masson,Changing+State+Forms%2C+Competing+State+Projects:+Funding+Womens+Organization+in+Quebec,,,,
Hogg,Thornton,Wright,Charter+Dialogue+Revisited+--+Or+Much+Ado+About+Metaphors,,
Hogg,Thornton,Wright,Charter+Dialogue+Revisited+--+Or+Much+Ado+About+Metaphors,,
Hogg,Thornton,Wright,Charter+Dialogue+Revisited+--+Or+Much+Ado+About+Metaphors,,
Hogg,Thornton,Wright,Charter+Dialogue+Revisited+--+Or+Much+Ado+About+Metaphors,,
Graham,Phillips,Citizen+Engagement:+Beyond+the+customer+revolution,,,
Cairns,Citizens+(Outsiders)+and+Governments+(Insiders)+in+Constitution-Making:+The+Case+of+Meech+Lake,,,,
Cairns,Citizens+(Outsiders)+and+Governments+(Insiders)+in+Constitution-Making:+The+Case+of+Meech+Lake,,,,
Gabriel,MacDonald,Citizenship+at+the+Margins:+The+Canadian+Seasonal+Agricultural+Worker+Program+and+Civil+Society+Advocacy,,,
Arat-Koc,Civilizational+Identity%2C+Multiculturalism+&+the+Challenge+of+Anti-Imperialist+Feminism+in+Canada+after+September+11,,,,
Brym,Gillespie,Lenton,Class+Power%2C+Class+Mobilization%2C+and+Class+Voting:+The+Canadian+Case,,
Pammett,Class+Voting+and+Class+Consciousness+in+Canada,,,,
Alfred,Colonialism+and+State+Dependency,,,,
Kerby,Combining+the+Hazards+of+Ministerial+Appointment+AND+Ministerial+Exit+in+the+Canadian+Cabinet,,,,
McGregor,"Coming+Full+Circle:+Indigenous+Knowledge%2C+Environment%2C+and+Our+Future,",,,,
Pilon,Confederation+and+Democracy,,,,
Kelly,Murphy,Confronting+Judicial+Supremacy:+A+Defence+of+Judicial+Activism+and+the+Supreme+Court+of+Canadas+Legal+Rights+Jurisprudence,,,
Horowitz,Conservatism%2C+liberalism%2C+and+socialism+in+Canada:+An+interpretation,,,,
Horowitz,Conservatism%2C+liberalism%2C+and+socialism+in+Canada:+An+interpretation,,,,
Horowitz,Conservatism%2C+liberalism%2C+and+socialism+in+Canada:+An+interpretation,,,,
Horowitz,Conservatism%2C+liberalism%2C+and+socialism+in+Canada:+An+interpretation,,,,
Horowitz,Conservatism%2C+liberalism%2C+and+socialism+in+Canada:+An+interpretation,,,,
Horowitz,Conservatism%2C+liberalism%2C+and+socialism+in+Canada:+An+interpretation,,,,
Horowitz,Conservatism%2C+liberalism%2C+and+socialism+in+Canada:+An+interpretation,,,,
Horowitz,Conservatism%2C+liberalism%2C+and+socialism+in+Canada:+An+interpretation,,,,
Horowitz,Conservatism%2C+liberalism%2C+and+socialism+in+Canada:+An+interpretation,,,,
Horowitz,Conservatism%2C+liberalism%2C+and+socialism+in+Canada:+An+interpretation,,,,
Soroka,Penner,Blidook,Constituency+Influence+in+Parliament,,
Soroka,Penner,Blidook,Constituency+Influence+in+Parliament,,
Jennings,Constitutional+Interpretation:+The+Experience+of+Canada,,,,
Lusztig,Constitutional+Paralysis:+Why+Canadian+Constitutional+Initiatives+are+Doomed+to+Fail,,,,
Lusztig,Constitutional+Paralysis:+Why+Canadian+Constitutional+Initiatives+are+Doomed+to+Fail,,,,
Russell,Constitutional+Reform+of+the+Judicial+Branch:+Symbolic+vs.+Operational+Considerations,,,,
Trussler,Soroka,Consumer+Demand+for+Cynical+and+Negative+News+Frames,,,
Sabin,Contested+Colonialism:+Responsible+Government+and+Political+Development+in+Yukon,,,,
Silver,Miller,Cultural+Scenes+and+Voting+Patterns+in+Canada,,,
Klein,Dancing+the+World+into+Being:+A+Conversation+with+Idle+No+Mores+Leanne+Simpson,,,,
Dhamoon,Abu-Laban,Dangerous+(Internal)+Foreigners+and+Nation-Building:+The+Case+of+Canada,,,
Dhamoon,Abu-Laban,Dangerous+(Internal)+Foreigners+and+Nation-Building:+The+Case+of+Canada,,,
Lecours,Béland,Décentralisation%2C+mouvements+nationalistes+et+politiques+sociales:+les+cas+du+Québec+ete+de+lEcosse,,,
Tsebelis,Decision+Making+in+Political+Systems:+Veto+Players+in+Presidentialism%2C+Parliamentarism%2C+Multicameralism+and+Multipartyism,,,,
Tsebelis,Decision+Making+in+Political+Systems:+Veto+Players+in+Presidentialism%2C+Parliamentarism%2C+Multicamerism+and+Multipartyism,,,,
Dahl,Decision-Making+in+a+Democracy:+The+Supreme+Court+as+a+National+Policy-Maker,,,,
Alfred,Deconstructing+the+British+Columbia+Treaty+Process,,,,
Alfred,Deconstructing+the+British+Columbia+Treaty+Process,,,,
Leo,Deep+Federalism:+Respecting+Community+Difference+in+National+Policy,,,,
Nath,Defining+Narratives+of+Identity+in+Canadian+Political+Science:+Accounting+for+the+Absence+of+Race,,,,
Nath,Defining+Narratives+of+Identity+in+Canadian+Political+Science:+Accounting+for+the+Absence+of+Race,,,,
Nath,Defining+Narratives+of+Identity+in+Canadian+Political+Science:+Accounting+for+the+Absence+of+Race,,,,
Nath,Defining+Narratives+of+Identity+in+Canadian+Political+Science:+Accounting+for+the+Absence+of+Race,,,,
Nath,Defining+Narratives+of+Identity+in+Canadian+Political+Science:+Accounting+for+the+Absence+of+Race,,,,
Nath,Defining+Narratives+of+Identity+in+Canadian+Political+Science:+Accounting+for+the+Absence+of+Race,,,,
Strom,Delegation+and+Accountability+in+Parliamentary+Democracies,,,,
Johnson,Deliberative+Democratic+Practices+in+Canada:+An+Analysis+of+Institutional+Empowerment+in+Three+Cases,,,,
Smith,Democracy+and+the+Canadian+House+of+Commons+at+the+Millenium,,,,
Smith,Democracy+and+the+Canadian+House+of+Commons+at+the+Millenium,,,,
Smith,Democracy+and+the+Canadian+House+of+Commons+at+the+Millenium,,,,
Smith,Democracy+and+the+Canadian+House+of+Commons+at+the+Millennium,,,,
Cross,Democratic+Norms+and+Party+Candidate+Selection:+Taking+Contextual+Factors+into+Account,,,,
Patten,Democratizing+the+Institutions+of+Policy-making:+Democratic+Consultation+and+Participatory+Administration,,,,
Kam,Demotions+and+Dissent+in+the+Canadian+Liberal+Party,,,,
Kam,Demotions+and+Dissent+in+the+Canadian+Liberal+Party,,,,
Panitch,Dependency+and+Class+in+Canadian+Political+Economy,,,,
Panitch,Dependency+and+Class+in+Canadian+Political+Economy,,,,
Finbow,Dependents+or+Dissidents?:+The+Atlantic+Provinces+in+Canadas+Constitutional+Reform+Process%2C+1967-1992,,,,
McBride,McNutt,Devolution+and+Neoliberalism+in+the+Canadian+Welfare+State:+Ideology%2C+National+and+International+Conditioning+Frameworks+and+Policy+Changes+in+British+Columbia,,,
McBride,McNutt,Devolution+and+Neoliberalism+in+the+Canadian+Welfare+State:+Ideology%2C+National+and+International+Conditioning+Frameworks%2C+and+Policy+Change+in+British+Columbia,,,
Macfarlane,Dialogue+or+compliance?+Measuring+legislatures+policy+responses+to+court+rulings+on+rights,,,,
Jenson,Different+but+Not+Exceptional:+The+Feminism+of+Permeable+Fordism,,,,
Jenson,Different+but+not+exceptional:+Canadas+permeable+fordism,,,,
Jenson,Different+but+not+Exceptional:+Canadas+Permeable+Fordism,,,,
Vanhala,Disability+Rights+Activists+in+the+Supreme+Court+of+Canada:+Legal+Mobilization+Theory+and+Accommodating+Social+Movements,,,,
Schmiddt,Discursive+Institutionalism:+The+Explanatory+Power+of+Ideas+and+Discourse,,,,
Smith,Diversity+and+Canadian+Political+Development:+Presidential+Address+to+the+Canadian+Political+Science+Association%2C+Ottawa%2C+May+27%2C+2009,,,,
Smith,Diversity+and+Canadian+Political+Development:+Presidential+Address+to+the+Canadian+Political+Science+Association%2C+Ottawa%2C+May+27%2C+2009,,,,
Smith,Diversity+and+Canadian+Political+Development:+Presidential+Address+to+the+Canadian+Political+Science+Association%2C+Ottawa%2C+May+27%2C+2009,,,,
Smith,Diversity+and+Canadian+Political+Development:+Presidential+Address+to+the+Canadian+Political+Science+Association%2C+Ottawa%2C+May+27%2C+2009,,,,
Smith,Diversity+and+Canadian+Political+Development:+Presidential+Address+to+the+Canadian+Political+Science+Association%2C+Ottawa%2C+May+27%2C+2009,,,,
Smith,Diversity+and+Canadian+Political+Development:+Presidential+Address+to+the+Canadian+Political+Science+Association%2C+Ottawa%2C+May+27%2C+2009,,,,
Smith,Diversity+and+Canadian+Political+Development:+Presidential+Address+to+the+Canadian+Political+Science+Association%2C+Ottawa%2C+May+27%2C+2009,,,,
Epp,Do+Bills+of+Rights+of+Matter?+The+Canadian+Charter+of+Rights+and+Freedoms.,,,,
Epp,Do+Bills+of+Rights+of+Matter?+The+Canadian+Charter+of+Rights+and+Freedoms.,,,,
Tremblay,Do+Female+MPs+Substantively+Represent+Women?,,,,
Kam,Do+Ideological+Preferences+Explain+Parliamentary+Behaviour:+Evidence+From+Great+Britain+and+Canada,,,,
Tolley,Do+Women+Do+Better+in+Municipal+Politics?+Electoral+Representation+Across+Three+Levels+of+Government,,,,
Tolley,Do+Women+Do+Better+in+Municipal+Politics?+Electoral+Representation+Across+Three+Levels+of+Government,,,,
Hausegger,Does+Patronage+Matter?+Connecting+Influences+on+Judicial+Appointments+with+Judicial+Decision+Making,,,,
Gidengil,Economic+Man-Social+Women,,,,
Anderson,Economic+voting%2C+multilevel+governance+and+information+in+Canada,,,,
Otis,Élection%2C+gouvernance+traditionnelle+et+droits+fondamentaux+chez,,,,
Ward,Electoral+Corruption+and+Controverted+Elections,,,,
Milner,Electoral+Systems%2C+Integrated+Institutions+and+Turnout+in+Local+and+National+Elections:+Canada+in+Comparative+Perspective,,,,
Lewis,Elite+Attitudes+on+the+Centralization+of+Power+in+Canadian+Political+Executives,,,,
Lewis,Elite+Attitudes+on+the+Centralization+of+Power+in+Canadian+Political+Executives,,,,
Lewis,Elite+Attitudes+on+the+Centralization+of+Power+in+Canadian+Political+Executives,,,,
Lightfoot,Emerging+International+Indigenous+Rights+Norms+and+Over-Compliance+in+New+Zealand+and+Canada,,,,
Smith,Empire%2C+Crown%2C+and+Canadian+Federalism,,,,
Winfield,Dolter,Energy%2C+Economic+and+environmental+discourses+and+their+policy+impact:+The+case+of+Ontarios+Green+Energy+and+Green+Economy+Act,,,
Abu-Laban,Stasiulis,Ethnic+Pluralism+Under+Siege:+Popular+and+Partisan+Opposition+to+Multiculturalism,,,
Brodie,Nevitte,Evaluating+the+Citizens+Constitution+Theory,,,
Alcantara,Explaining+Aboriginal+Treaty+Negotiation+Outcomes+in+Canada:+The+Cases+of+the+Inuit+and+the+Innu+in+Labrador,,,,
Songer,Szmer,Johnson,Explaining+Dissent+on+the+Supreme+Court+of+Canada,,
Songer,Szmer,Johnson,Explaining+Dissent+on+the+Supreme+Court+of+Canada,,
Pilon,Explaining+Voting+System+Reform+in+Canada,,,,
Hausegger,Riddell,Hennigar,Richez,Exploring+the+Links+between+Party+and+Appointment:+Canadian+Federal+Judicial+Appointments+from+1989+to+2003,
Blidook,Exploring+the+Role+of+Legislators+in+Canada:+Do+Members+of+Parliament+Influence+Policy?,,,,
Somerville,Facing+up+to+the+Dangers+of+the+Intolerant+University,,,,
Cross,Young,Factors+Influencing+the+Decision+of+the+Young+Politically+Engaged+to+join+a+Political+Party:+An+Investigation+of+the+Canadian+Case,,,
Trent,Factors+Influencing+the+Development+of+Political+Science+in+Canada:+A+case+and+Model,,,,
Thomas,Lowen,MacKenzie,Fair+isntt+Always+Equal:+Constituency+Population+and+the+Quality+of+Representation+in+Canada,,
Jenson,Fated+to+Live+in+Interesting+Times:+Canadas+Changing+Citizenship+Regimes,,,,
Jenson,Fated+to+Live+in+Interesting+Times:+Canadas+Changing+Citizenship+Regimes,,,,
Lecours,Federalism+and+Fiscal+Policy:+The+Politics+of+Equalization+in+Canada,,,,
Lecours,Federalism+and+Fiscal+Policy:+The+Politics+of+Equalization+in+Canada,,,,
Lecours,Beland,Federalism+and+Fiscal+Policy:+The+Politics+of+Equalization+in+Canada,,,
Lusztig,Federalism+and+Institutional+Design:+The+Perils+and+Politics+of+a+Triple+E-Senate+in+Canada,,,,
LaSelva,Federalism+as+a+Way+of+Life:+Reflections+on+the+Canadian+Experiment,,,,
Hueglin,Federalism+at+the+Crossroads+:+Old+Meanings%2C+New,,,,
Noel,Fédéralisme+douverture+et+pouvoir+de+dépenser+au+Canada,,,,
Arscott,Tremblay,Feminism+and+Political+Science+in+Canada+and+Quebec,,,
Vickers,Feminisms+and+Nationalism+in+English+Canada,,,,
Vickers,Feminisms+and+Nationalism+in+English+Canada,,,,
Esselment,Fighting+Elections:+Cross-Level+Political+Party+Integration+in+Canada,,,,
Barager,Seccareccia,Financial+Restructuring:+Implications+of+Recent+Canadian+Macroeconomic+Developments,,,
Hockin,Flexible+and+Structured+Parliamentarism:+From+1848+to+Contemporary+Party+Government,,,,
Petry,Bastien,Follower+the+Pollsters:+Inaccuracies+in+Media+Coverage+of+the+Horse-race+in+the+2008+Canadian+Election,,,
N/A,Forbes+and+Wiseman+debate,,,,
Abele,Prince,Four+Pathways+to+Aboriginal+Self-Government+in+Canada,,,
Pierson,Fragmented+Welfare+States:++Federal+Institutions+and+the+Development+of+Social+Policy,,,,
Myles,Pierson,Friedmans+Revenge:+The+Reform+of+Liberal+Welfare+States+in+Canada+and+the+US,,,
Myles,Pierson,Friedmans+Revenge:+The+Reform+of+Liberal+Welfare+States+in+Canada+and+the+US,,,
Haddow,From+Corporatism+to+Associationalism:+Linking+State+and+Society%2C+and+Deepening+Democracy%2C+in+the+Canadian+Polity,,,,
Abu-Laban+Yasmeen,Nath,From+Deportation+to+Apology:+The+Case+of+Maher+Arar+and+the+Canadian+State,,,
Kuokkanen,From+Indigenous+Economies+to+Market-Based+Self-Governance:+A+Feminist+Political+Economy+Analysis,,,,
Kuokkanen,From+Indigenous+Economies+to+Market-Based+Self-Governance:+A+Feminist+Political+Economy+Analysis,,,,
Andersen,From+nation+to+population:+The+racialisation+of+Metis+in+the+Canadian+census,,,,
Andersen,From+nation+to+population:+The+racialisation+of+Metis+in+the+Canadian+census,,,,
Dufour,From+Protest+to+Partisan+Politics.+When+and+How+Collective+Actors+Cross+the+Line?,,,,
Goodyear-Grant,Croskil,Gender+Affinity+Effects+in+Vote+Choice+in+Westminster+Systems:+Assessing+Flexible”+Voters+in+Canada,,,
ONeill,Stewart,Gender+and+Party+Leadership+in+Canada,,,
ONeill,Stewart,Gender+and+Party+Leadership+in+Canada,,,
Hankivsky,Gender+vs.+Diversity+Mainstreaming:+A+Preliminary+Examination+of+the+Role+and+Transformative+Potential+of+Feminist+Theory,,,,
Hankivsky,Gender+vs.+Diversity+Mainstreaming:+A+Preliminary+Examination+of+the+Role+and+Transformative+Potential+of+Feminist+Theory,,,,
Lawrence,Gender%2C+Race%2C+and+the+Regulation+of+Native+Identity+in+Canada+and+the+United+States:+An+Overview,,,,
Ladner,Gendering+decolonisation%2C+decolonising+Gender,,,,
Teghtsoonian,Gendering+Policy+Analysis+in+the+Government+of+British+Columbia:+Strategies%2C+Possibilities+and+Constraints,,,,
Knopff,Morton,Ghosts+and+Straw+Men:+A+Comment+on+Miriam+Smiths+Ghosts+of+the+Judicial+Committee+of+the+Privy+Council,,,
Knopff,Morton,Ghosts+and+Straw+Men:+A+Comment+on+Miriam+Smiths+Ghosts+of+the+Judicial+Committee+of+the+Privy+Council,,,
Knopff,Morton,Ghosts+and+Straw+Men:+A+Comment+on+Miriam+Smiths+Ghosts+of+the+Judicial+Committee+of+the+Privy+Council,,,
Knopff,Morton,Ghosts+and+Straw+Men:+A+Comment+on+Miriam+Smiths+Ghosts+of+the+Judicial+Committee+of+the+Privy+Council,,,
Smith,Ghosts+of+the+Judicial+Committee+of+the+Privy+Council:+Group+Politics+and+Charter+Litigation+in+Canadian+Political+Science,,,,
Smith,Ghosts+of+the+Judicial+Committee+of+the+Privy+Council:+Group+Politics+and+Charter+Litigation+in+Canadian+Political+Science,,,,
Smith,Ghosts+of+the+Judicial+Committee+of+the+Privy+Council:+Group+Politics+and+Charter+Litigation+in+Canadian+Political+Science,,,,
Smith,Ghosts+of+the+Judicial+Committee+of+the+Privy+Council:+Group+Politics+and+Charter+Litigation+in+Canadian+Political+Science,,,,
Smith,Ghosts+of+the+Judicial+Committee+of+the+Privy+Council:+Group+Politics+and+Charter+Litigation+in+Canadian+Political+Science,,,,
Smith,Ghosts+of+the+Judicial+Committee+of+the+Privy+Council:+Group+Politics+and+Charter+Litigation+in+Canadian+Political+Science,,,,
Smith,Ghosts+of+the+Judicial+Committee+of+the+Privy+Council:+Group+Politics+and+Charter+Litigation+in+Canadian+Political+Science,,,,
Smith,Ghosts+of+the+Judicial+Committee+of+the+Privy+Council:+Group+Politics+and+Charter+Litigation+in+Canadian+Political+Science,,,,
Smith,Ghosts+of+the+Judicial+Committee+of+the+Privy+Council:+Group+Politics+and+Charter+Litigation+in+Canadian+Political+Science,,,,
Radice,Globalization+and+National+Capitalisms:+Theorizing+Convergence+and+Differentiation,,,,
Skogstad,Globalization+and+Public+Policy:+Situating+Canadian+Analyses,,,,
Skogstad,Globalization+and+Public+Policy:+Situating+Canadian+Analyses,,,,
Skogstad,Globalization+and+Public+Policy:+Situating+Canadian+Analyses,,,,
Skogstad,Globalization+and+Public+Policy:+Situating+Canadian+Analyses,,,,
Skogstad,Globalization+and+Public+Policy:+Situating+Canadian+Analyses,,,,
Cameron,Stein,Globalization%2C+Culture%2C+and+Society:+The+State+as+Place+Amidst+Shifting+Spaces,,,
Arthurs,Governing+the+Canadian+State:+The+Constitution+in+an+Era+of+Globalization%2C+Neo-Liberalism%2C+Populism%2C+Decentralization+and+Judicial+Activism,,,,
Cutler,Government+Responsibility+and+Electoral+Accountability+in+Federations,,,,
Cutler,Government+responsibility+and+electoral+accountability+in+federations,,,,
Radmilovic,Governmental+Interventions+and+Judicial+Decision+Making:+The+Supreme+Court+of+Canada+in+the+Age+of+the+Charter,,,,
Radmilovic,Governmental+Interventions+and+Judicial+Decision+Making:+The+Supreme+Court+of+Canada+in+the+Age+of+the+Charter,,,,
Radmilovic,Governmental+Interventions+and+Judicial+Decision+Making:+The+Supreme+Court+of+Canada+in+the+Age+of+the+Charter,,,,
Radmilovic,Governmental+Interventions+and+Judicial+Decision+Making:+The+Supreme+Court+of+Canada+in+the+Age+of+the+Charter,,,,
Parker,Harold+Innis%2C+Karl+Marx+and+Canadian+Political+Economy,,,,
Heron,Harold%2C+Marg%2C+and+the+Boys:+The+Relevance+of+Class+in+Canadian+History,,,,
Forbes,Hartz-Horowitz+at+Twenty,,,,
Forbes,Hartz-Horowitz+at+Twenty,,,,
Forbes,Hartz-Horowitz+at+Twenty,,,,
Forbes,Hartz-Horowitz+at+Twenty:+Nationalism%2C+Toryism+and+Socialism+in+Canada+and+the+United+State,,,,
Forbes,Hartz-Horowitz+at+Twenty:+Nationalism%2C+Toryism+and+Socialism+in+Canada+and+the+United+State,,,,
Forbes,Hartz-Horowitz+at+Twenty:+Nationalism%2C+Toryism+and+Socialism+in+Canada+and+the+United+State,,,,
Forbes,Hartz-Horowitz+at+Twenty:+Nationalism%2C+Toryism+and+Socialism+in+Canada+and+the+United+State,,,,
Forbes,Hartz-Horowitz+at+Twenty:+Nationalism%2C+Toryism+and+Socialism+in+Canada+and+the+United+State,,,,
Forbes,Hartz-Horowitz+at+Twenty:+Nationalism%2C+Toryism+and+Socialism+in+Canada+and+the+United+State,,,,
Courtney,Has+the+Canadian+Prime+Minister+become+Presidentialized?,,,,
Voth,Her+Majestys+Justice+Be+Done:+Métis+Legal+Mobilization+and+the+Pitfalls+to+Indigenous+Political+Movement+Building,,,,
Russell,High+Courts+and+the+Rights+of+Aboriginal+Peoples:+The+Limits+of+Judicial+Independence,,,,
Harrison,Peet,Historical+Legacies+and+Policy+Reform:+Diverse+Regional+Reactions+to+British+Columbias+Carbon+Tax,,,
Carroll,Klassen,Hollowing+Out+Corporate+Canada?+Changes+in+the+Corporate+Network+since+the+1990s,,,
Harris,How+did+Colonialism+Dispossess?+Comments+from+an+Edge+of+Empire,,,,
Alcantara,Ideas%2C+Executive+Federalism+and+Institutional+Change:+Explaining+,,,,
Wetstein,C.L.+Ostberg,Songer,Johnson,Ideological+Consistency+and+Attitudinal+Conflict:+A+Comparative+Analysis+of+the+U.S.+and+Canadian+Supreme+Courts,
Cameron,Levitan,Impact+and+Benefit+Agreements+and+the+Neoliberalization+of+Resource+Governance+and+Indigenous-State+Relations+in+Northern+Canada,,,
Riker,Implications+from+the+Disequilibrium+of+Majority+Rule+for+the+Study+of+Institutions,,,,
Stein,Improving+the+Process+of+Constitutional+Reform+in+Canada:+Lessons+from+the+Meech+Lake+and+Charlottetown+Constitutional+Rounds,,,,
Aucoin,Independent+foundations%2C+public+money+and+public+accountability:+Whither+ministerial+responsibility+as+democratic+governance?,,,,
Christie,Indigeneity+and+Sovereignty+in+Canadas+Far+North:+The+Arctic+and+Inuit+Sovereignty,,,,
Alcantara,Indigenous+Contentious+Collective+Action+in+Canada:+The+Labrador+Innu+and+their+Occupation+of+the+Goose+Bay+Military+Base,,,,
Macdonald,Indigenous+Peoples+and+Neoliberal+Privatization+in+Canada,,,,
Macdonald,Indigenous+Peoples+and+Neoliberal+Privatization+in+Canada,,,,
Macdonald,Indigenous+Peoples+and+Neoliberal+Privatization+in+Canada,,,,
Alcantara,Nelles,Indigenous+Peoples+and+the+State+in+Settler+Societies:+Towards+a+More+Robust+Definition+of+Multilevel+Governance,,,
Flanagan,Alcantara,Individual+Property+Rights+on+Canadian+Indian+Reserves,,,
Bleich,Integrating+Ideas+into+Policy-Making+Analysis:++Frames+and+Race+Policies+in+Britain+and+France,,,,
Hein,Interest+Group+Litigation+and+Canadian+Democracy,,,,
Brodie,Interest+Group+Litigation+and+the+Embedded+State,,,,
Presthus,Interest+Groups+and+the+Canadian+Parliament:+Activities%2C+Interaction%2C+Legitimacy+and+Influence+,,,,
Painter,Intergovernmental+Relations+in+Canada:+An+Institutional+Analysis++,,,,
Cameron,Simeon,Intergovernmental+Relations+in+Canada:+The+Emergence+of+Collaborative+Federalism,,,
Cameron,Simeon,Intergovernmental+Relations+in+Canada:+The+Emergence+of+Collaborative+Federalism,,,
Cameron,Simeon,Intergovernmental+Relations+in+Canada:+The+Emergence+of+Collaborative+Federalism,,,
Cameron,Simeon,Intergovernmental+Relations+in+Canada:+The+Emergence+of+Collaborative+Federalism,,,
Erk,Is+Nationalism+Left+or+Right?,,,,
Erk,Is+Nationalism+Left+or+Right?,,,,
Thompson,Is+Race+Political?,,,,
Thompson,Is+Race+Political?,,,,
Thompson,Is+Race+Political?,,,,
Thompson,Is+Race+Political?,,,,
Banting,Is+There+a+Progressives+Dilemma+in+Canada,,,,
Banting,Is+There+a+Progressives+Dilemma+in+Canada,,,,
Belanger,Issue+Ownership+by+Canadian+Political+Parties,,,,
Kerby,Blidook,Its+Not+You%2C+Its+Me:+Determinants+of+Voluntary+Legislative+Turnover+in+Canada,,,
Heard,Just+What+is+a+Vote+of+Confidence?+The+Curious+Case+of+May+10%2C+2005,,,,
Kellogg,Kari+Levitt+and+the+Long+Detour+of+Canadian+Political+Economy,,,,
Kellogg,Kari+Levitt+and+the+Long+Detour+of+Canadian+Political+Economy,,,,
Kellogg,Kari+Levitt+and+the+Long+Detour+of+Canadian+Political+Economy,,,,
Laforest,Létude+du+tiers+secteur+au+Québec:+comment+saisir+la+spécificité+québécoise?,,,,
Laforest,Lexil+interieur+des+Québecois+dans+le+Canada+de+la+Charte,,,,
Winter,Lidentité+multiculturelle+au+Canada+depuis+les+années+1990:+de+la+consolidation+a+la+mise+en+question?,,,,
Cornut,Simard,Megen,Cardinal,Lembauche+dans+les+départements+de+science+politique+francophone+au+Québec+et+au+Canada.+Un+bilan+des+années+2000-2010,
Bonenfant,Lesprit+de+1867,,,,
Tellier,Létude+comparée+des+politiques+publiques+provinciales+:+un+laboratoire+à+explorer,,,,
Otis,Lévolution+constitutionnelle+de+la+relation+entre+le+Québec+et+les+peuples+autochtones+:+le+défi+de+linterdépendance,,,,
Côté,Levesque,Morneau,Lévolution+du+modèle+québécois+de+gouvernance+:+le+point+de+vue+des+acteurs,,
Smith,Lhéritage+institutionnaliste+de+la+science+politique+au+Canada+anglais,,,,
Smith,Lhéritage+institutionnaliste+de+la+science+politique+au+Canada+anglais,,,,
Labelle,Salee,La+citoyennete+en+question:+lEtat+canadien+face+a+limmigration+et+a+la+diversite+nationale+et+culturelle,,,
Aquin,La+fatigue+culturelle+du+Canada+français,,,,
Kelly,La+petite+loterie.+Comment+la+Couronne+a+obtenu+la+collaboration+du+Canada+français+après+1837.,,,,
Lachapelle,Le+comportement+politique+des+Quebecoises+lors+de+la+campagne+referendaire+de+1995:+une+application+de+la+theorie+du+depistage,,,,
Montigny,Morency,Le+depute+quebecois+en+circonscription:+evolution%2C+role+et+realities,,,
Chevrier,Le+juge+et+la+conservation+du+régime+politique+au+Canada,,,,
Cardinal,Le+pouvoir+exécutif+et+la+judicialisation+de+la+politique+au+Canada.+Une+étude+du+programme+de+contestation+judiciaire,,,,
Cardinal,Le+pouvoir+exécutif+et+la+judicialisation+de+la+politique+au+Canada.+Une+étude+du+programme+de+contestation+judiciaire,,,,
Cardinal,Le+pouvoir+exécutif+et+la+judicialisation+de+la+politique+au+Canada.+Une+étude+du+programme+de+contestation+judiciaire,,,,
Cardinal,Le+pouvoir+executif+et+la+judiciarisation+de+la+politique+au+Canada:+une+etude+du+programme+de+contestation+judiciaire,,,,
Cardinal,Papillon,Le+Québec+et+lanalyse+comparée+des+petites+nations,,,
Cardinal,Le+Québec+et+lanalyse+comparée+des+petites+nations,,,,
Brouillet,Le+rôle+de+la+Cour+suprême+dans+lévolution+de+la+fédération,,,,
Sigurdson,Left-+and+Right-Wing+Charterphobia+in+Canada:+A+Critique+of+the+Critics,,,,
Cochrane,Left/Right+Ideology+and+Canadian+Politics,,,,
Cochrane,Left/Right+Ideology+and+Canadian+Politics,,,,
Cochrane,Left/Right+Ideology+and+Canadian+Politics,,,,
Cochrane,Left/Right+Ideology+and+Canadian+Politics,,,,
Godbout,Hoyland,Legislative+Voting+and+the+Canadian+Parliament,,,
Godbout,Hoyland,Legislative+Voting+and+the+Canadian+Parliament,,,
Godbout,Hoyland,Legislative+Voting+and+the+Canadian+Parliament,,,
Rigaud,Coté,Levesque,Facal,Bernier,Les+complémentarités+institutionnelles+du+modéle+québecois+de+développement
Chevrier,Les+juristes+et+la+gouverne+politique+au+Québec+et+au+Canada.+Essai+dinterprétation+dune+surreprésentation+structurelle+et+persistante,,,,
Polése,Les+nouvelles+dynamiques+régionalesde+léconomie+québécoise:+cinq+tendances,,,,
Beland,Lecours,Logiques+institutionnelles+et+politiques+publiques:+le+programme+de+péréquation+dhier+à+aujourdhui,,,
Fletcher,Bastedo,Hove,Losing+Heart:+Declining+Support+and+the+Political+Marketing+of+the+Afghanistan+Mission,,
Simeon,Many+Small+Worlds,,,,
Bedford,Marxism+and+the+Aboriginal+Question:+The+Tragedy+of+Progress,,,,
Luxton,Marxist+Feminism+and+Anti-Capitalism,,,,
Phillips,Meaning+and+Structure+in+Social+Movements:+Mapping+the+Network+of+National+Canadian+Womens+Organizations,,,,
Erickson,Might+More+Women+Make+a+Difference?+Gender%2C+Party+and+Ideology+among+Canadas+Parliamentary+Candidates,,,,
Erickson,Might+More+Women+Make+a+Difference?+Gender%2C+Party+and+Ideology+among+Canadas+Parliamentary+Candidates,,,,
Turgeon,Bilodeau,Minority+Nations+and+Attitudes+Toward+Immigration.+The+Case+of+Quebec,,,
Tremblay,Mouvement+sociaux+et+opportunités+politiques:+les+lesbiennes+et+les+gais+et+lajout+de+lorientation+sexuelle+à+la+Charte+québécoise+des+droits+et+libertés,,,,
Paquet,Multiculturalism+as+National+Policy,,,,
Abu-Laban,Couture,Multiple+Minorities+and+Deceptive+Dichotomies:+The+Theoretical+and+Political+Implications+of+the+Struggle+for+a+Public+French+Education+System+in+Alberta,,,
Smiley,Must+Canadian+Political+Science+Be+a+Miniature+Replica?,,,,
Smiley,Must+Canadian+Political+Science+Be+a+Miniature+Replica?,,,,
Smiley,Must+Canadian+Political+Science+Be+a+Miniature+Replica?,,,,
White,Must+We+All+be+Paradigmatic?+Social+Investment+Policies+and+Liberal+Welfare+States,,,,
Johnston,Mahon,NAFTA%2C+the+Redesign+and+Rescaling+of+Canadas+Welfare+State,,,
Johnston,Banting,Kymlicka,Soroka,National+Identity+and+Support+for+the+Welfare+State,
Johnston,Banting,Kymlicka,Soroka,National+Identity+and+Support+for+the+Welfare+State,
Johnston,Banting,Kymlicka,Soroka,National+Identity+and+Support+for+the+Welfare+State,
Johnston,Banting,Kymlicka,Soroka,National+Identity+and+Support+for+the+Welfare+State,
Johnston,Banting,Kymlicka,Soroka,National+Identity+and+Support+for+the+Welfare+State,
Ladner,Negotiated+Inferiority:+The+Royal+Commission+on+Aboriginal+Peoples+Vision+of+a+Renewed+Relationship,,,,
Clark,Neoliberalism+and+Public+Service+Reform:+Canada+in+Comparative+Perspective,,,,
Carroll,Neoliberalism+and+the+Recomposition+of+Finance+Capital+in+Canada,,,,
Albo,Neoliberalism%2C+the+State+and+the+Left:+A+Canadian+Perspective,,,,
Toonen,Network+Management+and+Institutions:+Public+Administration+as+Normal+Science,,,,
Baier,New+Judicial+Thinking+On+Sovereignty+And+Federalism:+American+And+Canadian+Comparisons,,,,
Aucoin,New+Political+Governance+in+Westminister+Systems:+Impartial+Public+Administration+and,,,,
Aucoin,New+Political+Governance+in+Westminster+Systems:+Impartial+Public+,,,,
Charih,Daniels,New+Public+Management+and+Public+Administration+in+Canada,,,
Kam,Not+Just+Parliamentary+Cowboys+and+Indians:+Ministerial+Responsibility+and+Bureaucratic+Drift,,,,
Kam,Not+Just+Parliamentary+Cowboys+and+Indians:+Ministerial+Responsibility+and+Bureaucratic+Drift,,,,
Horowitz,Notes+on+Conservatism%2C+Liberalism+and+Socialism+in+Canada:+An+Interpretation,,,,
Gabriel,Macdonald+L.,Of+Borders+and+Business:+Canadian+Corporate+Proposals+for+North+American+Deep+Integration,,,
Dobrowolsky,Of+Special+Interest:+Interest%2C+Identity+and+Feminist+Constitutional+Activism+in+Canada,,,,
Pinard,One+party+dominance+and+third+parties,,,,
Small,Jensen,Bastien,Giasson,Koop,Online+Political+Activity+in+Canada:+The+Hype+and+the+Facts
Soroka,Wlezien,Opinion+Representation+and+Policy+Feedback:+Canada+in+Comparative+Perspective,,,
Soroka,Wlezien,Opinion+Representation+and+Policy+Feedback:+Canada+in+Comparative+Perspective,,,
Soroka,Wlezien,Opinion+Representation+and+Policy+Feedback:+Canada+in+Comparative+Perspective,,,
Soroka,Wlezien,Opinion+Representation+and+Policy+Feedback:+Canada+in+Comparative+Perspective,,,
Russell,Overcoming+Legal+Formalism:+The+Treatment+of+the+Constitution%2C+the+Courts%2C+and+Judicial+Behaviour+in+Canadian+Political+Science,,,,
Malloy,Parliament:+Every+Reform+Creates+a+New+Problem,,,,
Lagasse,Parliamentary+and+Judicial+Ambivalence+toward+Executive+Prerogative+Powers+in+Canada,,,,
Lagasse,Parliamentary+and+Judicial+Ambivalence+toward+Executive+Prerogative+Powers+in+Canada,,,,
Lagasse,Parliamentary+and+Judicial+Ambivalence+toward+Executive+Prerogative+Powers+in+Canada,,,,
Sharman,Parliamentary+Federations+and+Limited+Government:+Constitutional+Design+and+Redesign+in+Australia+and+Canada,,,,
Sharman,Parliamentary+Federations+and+Limited+Government:+Constitutional+Design+and+Redesign+in+Australia+and+Canada,,,,
Hudon,Poirier,Yates,Participation+politique%2C+expressions+de+la+citoyenneté+et+formes+organisées+dengagement+:+la+contribution+des+coalitions+à+un+renouvellement+des+conceptions+et+des+pratiques,,
Maioni,Parting+at+the+Crossroads:+The+Development+of+Health+Insurance+in+Canada+and+the+United+States%2C+1940-1965,,,,
Maioni,Parting+at+the+Crossroads:+The+Development+of+Health+Insurance+in+Canada+and+the+United+States%2C+1940-1965,,,,
Maioni,Parting+at+the+Crossroads:+The+Development+of+Health+Insurance+in+Canada+and+the+United+States%2C+1940-1965,,,,
Smith,Partisanship+as+Political+Science:+A+Reply+to+Rainer+Knopff+et+F.+L.+Morton,,,,
Smith,Partisanship+as+Political+Science:+A+Reply+to+Rainer+Knopff+et+F.+L.+Morton,,,,
Johnston,Party+Identification+Measures+in+the+Anglo-American+Democracies:+A+National+Survey+Experiment,,,,
Johnston,Party+Identification:+Unmoved+Mover+or+Sum+of+Preferences?,,,,
Johnston,Party+Identification:+Unmoved+Mover+or+Sum+of+Preferences?,,,,
Weller,Party+Rules+and+the+Dismissal+of+Prime+Ministers:+Comparative+Perspectives+from+Britain%2C+Canada%2C+and+Australia,,,,
Bashevkin,Party+Talk:+Assessing+the+Feminist+Rhetoric+of+Women+Leadership+Candidates+in+Canada,,,,
Young,Party%2C+State+and+Political+Competition+in+Canada:+The+Cartel+Model+Reconsidered,,,,
Johnston,Polarized+Pluralism,,,,
Johnston,Polarized+Pluralism+in+the+Canadian+Party+System,,,,
Johnston,Polarized+Pluralism+in+the+Canadian+Party+System,,,,
Johnston,Polarized+Pluralism+in+the+Canadian+Party+System,,,,
Johnston,Polarized+Pluralism+in+the+Canadian+Party+System,,,,
Atkinson,Coleman,Policy+Networks%2C+Policy+Communities+and+the+Problems+of+Governance,,,
Hall,Policy+Paradigms%2C+Social+Learning%2C+and+the+State,,,,
Pinard,Political+Ambivalence+Towards+the+Parti+Quebecois+and+its+Electoral+Consequences,,,,
Pal,Political+Economy+as+a+Hegemonic+Project,,,,
Steinmo,Political+Institutions+and+Tax+Policy+in+the+United+States%2C+Sweden%2C+and+Britain,,,,
Soederberg,Political+Restructuring+of+Exploitation:+An+Historical+Materialist+Account+of+the+Emergence+of+Neoliberalism+in+Canada,,,,
Aucoin,Political+Science+and+Democratic+Governance,,,,
Hall,Taylor,Political+Science+and+the+Three+Institutionalisms,,,
Hall,Taylor,Political+Science+and+the+Three+Institutionalisms,,,
Cairns,Political+Science+in+Canada+and+the+Americanization+Issue,,,,
Cairns,Political+Science+in+Canada+and+the+Americanization+Issue,,,,
Cairns,Political+Science+in+Canada+and+the+Americanization+Issue,,,,
Cairns,Political+Science+in+Canada+and+the+Americanization+Issue,,,,
Atkinson,Bierling,Politicians%2C+the+Public+and+Political+Ethics:+Worlds+Apart,,,
Rothman,Lichter,Nevitte,Politics+and+Professional+Advancement+among+College+Faculty,,
Kramer,Popular+Constitutionalism,,,,
Campbell,Pour+convaincre+les+sceptiques+:+à+propos+des+idées+et+des+critiques+de+la+théorie+du+choix+rationnel,,,,
Montpetit,Pour+en+finir+avec+le+lobbying+:+comment+les+institutions+canadiennes+influencent+laction+des+groupes+dintérêts,,,,
Montpetit,Pour+en+finir+avec+le+lobbying:+comment+les+institutions+canadiennes+influencent+laction+des+groupes+dintérets,,,,
Montpetit,Pour+en+finir+avec+le+lobbying:+comment+les+institutions+canadiennes+influencent+laction+des+groupes+dintérets,,,,
Noel,Power+and+Purpose+in+Intergovernmental+Relations,,,,
Haddow,Power+Resources+and+the+Canadian+Welfare+State:+Unions%2C+Partisanship+and+Interprovincial+Differences+in+Inequality+and+Poverty+Reduction,,,,
Haddow,Power+Resources+and+the+Canadian+Welfare+State:+Unions%2C+Partisanship+and+Interprovincial+Differences+in+Inequality+and+Poverty+Reduction,,,,
Courchene,Presidential+Address:+Mons+Pays%2C+Cest+LHiver:+Reflections+of+a+Market+Populist,,,,
Bakvis,Prime+Minister+and+Cabinet+in+Canada:+An+Autocracy+in+Need+of+Reform,,,,
Bakvis,Prime+Minister+and+Cabinet+in+Canada:+An+Autocracy+in+Need+of+Reform,,,,
Bakvis,Prime+Minister+and+Cabinet+in+Canada:+An+Autocracy+in+Need+of+Reform,,,,
Bakvis,Prime+Minister+and+Cabinet+in+Canada:+An+Autocracy+in+Need+of+Reform,,,,
Hogg,Prorogation+and+the+Power+of+the+Governor-General,,,,
Illical,Harrison,Protecting+Endangered+Species+in+the+US+and+Canada:+the+Role+of+Negative+Lesson+Drawing,,,
Mendelsohn,Public+Brokerage:+Constitutional+Reform+and+the+Accomodation+of+Mass+Publics,,,,
Petry,Mendelsohn,Public+opinion+and+policy+making+in+Canada+1994–2001,,,
Petry,Mendelsohn,Public+opinion+and+policy+making+in+Canada+1994–2001,,,
Everitt,Public+Opinion+and+Social+Movements:+The+Womens+Movement+and+the+Gender+Gap+in+Canada,,,,
White,Public+Policies+toward+Aboriginal+Peoples:+Attitudinal+Obstacles+and+Uphill+Battles,,,,
Loxley,Public-Private+Partnerships+After+the+Global+Financial+Crisis:+Ideology+Trumping+Economic+Reality,,,,
Brady,Quebec+and+Canadian+Federalism,,,,
Bakvis,Macpherson,Quebec+Block+Voting+and+the+Canadian+Electoral+System,,,
McBride,Quiet+Constituionalism+in+Canada:+The+International+Political+Economy+of+Domestic+Institutional+Change,,,,
McBride,Quiet+Constituionalism+in+Canada:+The+International+Political+Economy+of+Domestic+Institutional+Change,,,,
McBride,Quiet+Constituionalism+in+Canada:+The+International+Political+Economy+of+Domestic+Institutional+Change,,,,
McBride,Quiet+Constituionalism+in+Canada:+The+International+Political+Economy+of+Domestic+Institutional+Change,,,,
McBride,Quiet+Constituionalism+in+Canada:+The+International+Political+Economy+of+Domestic+Institutional+Change,,,,
Besco,Rainbow+Coalitions+or+Inter-minority+Conflict?+Racial+Affinity+and+Diverse+Minority+Voters,,,,
Mendelsohn,Rational+Choice+and+Socio-Psychological+Explanation+for+Opinion+on+Quebec+Sovereignty,,,,
Mendelsohn,Rational+Choice+and+Socio-Psychological+Explanation+for+Opinion+on+Quebec+Sovereignty,,,,
Schertzer,Recognition+or+Imposition?+Federalism%2C+national+minorities+and+the+Supreme+Court+of+Canada,,,,
Ajzenstat,Reconciling+Parliaments+and+Rights:+A.V.+Dicey+Reads+the+Canadian+Charter+of+Rights+and+Freedoms,,,,
Kelly,Reconciling+Rights+and+Federalism+during+Review+of+the+Charter+of+Rights+and+Freedoms:+The+Supreme+Court+of+Canada+and+the+Centralization+Thesis%2C+1982+to+1999,,,,
Kelly,Reconciling+Rights+and+Federalism+during+Review+of+the+Charter+of+Rights+and+Freedoms:+The+Supreme+Court+of+Canada+and+the+Centralization+Thesis%2C+1982+to+1999,,,,
Abu-Laban,Nieguth,Reconsidering+the+Constitution%2C+Minorities+and+Politics+in+Canada,,,
Laycock,Reforming+Canadian+Democracy?+Institutions+and+Ideology+in+the+Reform+Party+Project,,,,
Brodie,Reforming+Social+Justice+in+Neoliberal+Times,,,,
Jenson,Phillips,Regime+Shifts:+New+Citizenship+Practices+in+Canada,,,
Jenson,Phillips,Regime+Shifts:+New+Citizenship+Practices+in+Canada,,,
Anderson,Regional+Heterogeneity+and+Policy+Preferences+in+Canada:+1979-2006,,,,
Henderson,Regional+Political+Cultures,,,,
Henderson,Regional+Political+Cultures,,,,
Henderson,Regional+Political+Cultures,,,,
Henderson,Regional+Political+Cultures,,,,
Cochrane,Perrella,Regions%2C+Regionalism+and+Regional+,,,
Cochrane,Perrella,Regions%2C+Regionalism+and+Regional+,,,
Simard,Régulation+et+participation+publique.+Lexpérience+de+la+Régie+de+lénergie+du+Québec+(1997-2007)+,,,,
Forbes,Rejoinder,,,,
Johnston,Religion+and+identity:+The+denominational+basis+of+Canadian+elections,,,,
Jenson,Representation+in+Crisis:+the+roots+of+Canadas+permeable+Fordism,,,,
Pilon,Researching+the+Electoral+Subaltern+and+Voter+Turnout:+Utilizing+Class+as+Identity,,,,
Sutherland,Responsible+Government+and+Ministerial+Responsibility,,,,
Sutherland,Responsible+Government+and+Ministerial+Responsibility,,,,
Sutherland,Responsible+Government+and+Ministerial+Responsibility,,,,
Sutherland,Responsible+Government+and+Ministerial+Responsibility,,,,
Sutherland,Responsible+Government+and+Ministerial+Responsibility,,,,
Sutherland,Responsible+Government+and+Ministerial+Responsibility,,,,
Sutherland,Responsible+Government+and+Ministerial+Responsibility,,,,
Fournier,Cutler,Soroka,Stolle,Belanger,Riding+the+Orange+Wave
Fournier,Cutler,Soroka,Stolle,Belanger,Riding+the+Orange+Wave
Fournier,Cutler,Soroka,Stolle,Belanger,Riding+the+Orange+Wave
Fournier,Cutler,Soroka,Stolle,Belanger,Riding+the+Orange+Wave
Young,Rights%2C+the+Homeless%2C+and+Social+Change:+Reflections+of+Victoria+(City)+v.+Adams+(BCSC),,,,
Thomas,Bodet,Sacrificial+lambs%2C+women+candidates%2C+and+district+competitiveness+in+Canada,,,
Thomas,Bodet,Sacrificial+lambs%2C+women+candidates%2C+and+district+competitiveness+in+Canada,,,
Lightfoot,Selective+endorsement+without+intent+to+implement:+Indigenous+rights+and+the+Anglosphere,,,,
Roach,Sharpening+the+Dialogue+Debate:+The+Next+Decade+of+Scholarship,,,,
Dobrowolsky,Jenson,Shifting+Representations+of+Citizenship:+Canadian+Politics+of+Women+and+Children,,,
Dobrowolsky,Jenson,Shifting+Representations+of+Citizenship:+Canadian+Politics+of+Women+and+Children,,,
Smardon,Shifting+Terrains+of+Accumulation:+Canadian+Industry+in+Three+Eras+of+Development,,,,
Manfredi,Kelly,Six+Degrees+of+Dialogue:+A+Response+to+Hogg+and+Bushell,,,
McGrane,Berdahl,Small+Worlds+No+More:+Reconsidering+Provincial+Political+Cultures+in+Canada,,,
Pickup,Sayers,Knopff,Archer,Social+capital+and+civic+community+in+Alberta,
Wiseman,Isitt,Social+Democracy+in+20th+Century+Canada,,,
Wiseman,Isitt,Social+Democracy+in+20th+Century+Canada,,,
Smith,Social+Movements+and+Equality+Seeking:+The+Case+of+Gay+Liberation+in+Canada,,,,
Smith,Social+Movements+and+Judicial+Empowerment:+Courts%2C+Public+Policy%2C+and+Lesbian+and+Gay+Organizing+in+Canada,,,,
Ilcan,Oliver,OConnor,Spaces+of+Governance:+Gender+and+Public+Sector+Restructuring+in+Canada,,
McNally,Staple+Theory+as+Commodity+Fetishism:+Marx%2C+Innis+and+Canadian+Political+Economy,,,,
McNally,Staple+Theory+as+Commodity+Fetishism:+Marx%2C+Innis+and+Canadian+Political+Economy,,,,
Fast,Stapled+to+the+Front+Door:+Neoliberal+Extractivism+in+Canada,,,,
Schedvin,Staples+and+Regions+of+Pax+Britannica,,,,
Horak,State+rescaling+in+practice:+urban+governance+reform+in+Toronto,,,,
Graefe,"State+Restructuring%2C+Social+Assistance+and+Canadian+Intergovernmental+Relations:+Same+Scales%2C+New+Tune,",,,,
Radmilovic,Strategic+Legitimacy+Cultivation+at+the+Supreme+Court+of+Canada:+,,,,
Radmilovic,Strategic+Legitimacy+Cultivation+at+the+Supreme+Court+of+Canada:+,,,,
Radmilovic,Strategic+Legitimacy+Cultivation+at+the+Supreme+Court+of+Canada:+,,,,
Alcantara,Nelles,Strengthening+the+ties+that+bind?+An+analysis+of+aboriginal-municipal+inter-governmental+agreements+in+British+Columbia,,,
Alcantara,Nelles,Strengthening+the+ties+that+bind?+An+analysis+of+aboriginal-municipal+inter-governmental+agreements+in+British+Columbia,,,
Simeon,Studying+Public+Policy,,,,
Simeon,Studying+Public+Policy,,,,
Simeon,Studying+Public+Policy,,,,
Atkinson,Thomas,Studying+the+Canadian+Parliament,,,
Atkinson,Thomas,Studying+the+Canadian+Parliament,,,
Noel,Studying+Your+Own+Country:+Social+Scientific+Knowledge+for+Our+Times+and+Places,,,,
Noel,Studying+Your+Own+Country:+Social+Scientific+Knowledge+for+Our+Times+and+Places,,,,
Noel,Studying+Your+Own+Country:+Social+Scientific+Knowledge+for+Our+Times+and+Places,,,,
Noel,Studying+Your+Own+Country:+Social+Scientific+Knowledge+for+Our+Times+and+Places,,,,
Munroe,Style+within+the+centre:+Pierre+Trudeau:+the+War+Measures+Act%2C+and+the+nature+of+prime+ministerial+power,,,,
Coulthard,Subjects+of+Empire:+Indigenous+Peoples+and+the+Politics+of+Recognition+in+Canada,,,,
Coulthard,Subjects+of+Empire:+Indigenous+Peoples+and+the+Politics+of+Recognition+in+Canada,,,,
Rioux,"Sur+lévolution+des+idéologies+au+Québec,",,,,
Petter,Taking+Dialogue+Theory+Much+Too+Seriously,,,,
Kymlicka,Testing+the+Liberal+Multiculturalist+Hypothesis:+Normative+Theories+and+Social+Science+Evidence,,,,
Kymlicka,Testing+the+Liberal+Multiculturalist+Hypothesis:+Normative+Theories+and+Social+Science+Evidence,,,,
Malloy,The+Responsible+Government+Approach+and+its+Effect+on+Canadian+Legislative+Studies,,,,
Malloy,The+Responsible+Government+Approach+and+its+Effect+on+Canadian+Legislative+Studies,,,,
Malloy,The+Responsible+Government+Approach+and+its+Effect+on+Canadian+Legislative+Studies,,,,
Sharman,The+Australian+triple-e+Senate+:+lessons+for+Canadian+Senate+reform?+,,,,
Langille,The+BCNI+and+the+Canadian+State,,,,
Langille,The+BCNI+and+the+Canadian+state,,,,
Matthews,Johnston,The+campaign+dynamics+of+economic+voting,,,
Wolfe,The+Canadian+State+in+Comparative+Perspective,,,,
Hausegger,Riddell,The+Changing+Nature+of+Public+Support+for+the+Supreme+Court+of+Canada,,,
Hogg,Bushell,The+Charter+Dialogue+Between+Courts+and+Legislatures+(Or+Perhaps+the+Charter+Of+Rights+Isnt+Such+a+Bad+Thing),,,
Hogg,Bushell,The+Charter+Dialogue+Between+Courts+and+Legislatures+(Or+Perhaps+the+Charter+Of+Rights+Isnt+Such+a+Bad+Thing),,,
Hogg,Thornton,The+Charter+Dialogue+Between+Courts+and+Legislatures+(Or+Perhaps+the+Charter+Of+Rights+Isnt+Such+a+Bad+Thing),,,
Hogg,Bushell,The+Charter+Dialogue+Between+Courts+and+Legislatures+(Or+Perhaps+the+Charter+Of+Rights+Isnt+Such+a+Bad+Thing),,,
Hogg,Bushell,The+Charter+Dialogue+Between+Courts+and+Legislatures+(Or+Perhaps+the+Charter+Of+Rights+Isnt+Such+a+Bad+Thing),,,
Hogg,Thornton,The+Charter+Dialogue+Between+Courts+and+Legislatures+(Or+Perhaps+the+Charter+Of+Rights+Isnt+Such+a+Bad+Thing),,,
Heard,The+Charter+in+the+Supreme+Court+of+Canada:+The+Importance+of+Which+Judges+Hear+an+Appeal,,,,
Cairns,The+Charter:+A+Political+Science+Perspective,,,,
Thomas,The+Complexity+Conundrum:+Why+Hasnt+the+Gender+Gap+in+Subjective+,,,,
Young,Faucher,Blais,The+Concept+of+Province+Building:+A+Critique,,
Young,Faucher,Blais,The+Concept+of+Province+Building:+A+Critique,,
Young,Faucher,Blais,The+Concept+of+Province+Building:+A+Critique,,
Young,Faucher,Blais,The+Concept+of+Province+Building:+A+Critique,,
Young,Faucher,Blais,The+Concept+of+Province+Building:+A+Critique,,
Tupper,The+Contested+Terrain+of+Canadian+Public+Administration+in+Canadas+Third+Century,,,,
Walgrave,Van+Aelst,The+Contingency+of+the+Mass+Medias+Political+Agenda+Setting+Power:+Toward+a+Preliminary+Theory,,,
Cross,Young,The+Contours+of+Political+Party+Membership+in+Canada,,,
Cross,Young,The+Contours+of+Political+Party+Membership+in+Canada,,,
Cross,Young,The+Contours+of+Political+Party+Membership+in+Canada,,,
Cross,Young,The+Contours+of+Political+Party+Membership+in+Canada,,,
Manfredi,The+Day+the+Dialogue+Died%2C+A+Comment+on+Sauve+v.+Canada,,,,
Aucoin,Jarvis,Turnbull,The+Democratic+Deficit:+Paul+Martin+and+Parliamentary+Reform,,
Aucoin,Turnbull,The+democratic+deficit:+Paul+Martin+and+parliamentary+reform,,,
Cameron,Campbell,The+Devolution+of+Natural+Resources+and+Nunavuts+Constitutional+Status,,,
Macfarlene,The+Dilemma+of+Positive+Rights:+Access+to+Health+Care+and+the+Canadian+Charter+of+rights+and+Freedoms,,,,
Stewart,Clarke,The+Dynamics+of+Party+Identification+in+Federal+Systems:+The+Canadian+Case.,,,
Bittner,The+Effects+of+Information+and+Social+Cleavages:+Explaining+Issue+Attitudes+and+Vote+Choice+in+Canada,,,,
Cairns,The+Electoral+System+and+the+Party+System+in+Canada,,,,
Cairns,The+Electoral+System+and+the+Party+System+in+Canada,,,,
Cairns,The+Electoral+System+and+the+Party+System+in+Canada,,,,
Cairns,The+Electoral+System+and+the+Party+System+in+Canada,,,,
Cairns,The+Electoral+System+and+the+Party+System+in+Canada,,,,
Cairns,The+Electoral+System+and+the+Party+System+in+Canada,,,,
Cairns,The+Electoral+System+and+the+Party+System+in+Canada,,,,
Cairns,The+Electoral+System+and+the+Party+System+in+Canada,,,,
Cairns,The+Electoral+System+and+the+Party+System+in+Canada,,,,
Cairns,The+Electoral+System+and+the+Party+System+in+Canada,,,,
Cairns,The+Electoral+System+and+the+Party+System+in+Canada,,,,
Cairns,The+Electoral+System+and+the+Party+System+in+Canada,,,,
Cairns,The+Electoral+System+and+the+Party+System+in+Canada,,,,
Cairns,The+Electoral+System+and+the+Party+System+in+Canada,,,,
Godbout,Hoyland,The+Emergence+of+Parties+in+the+Canadian+House+of+Commons+(1867-1908),,,
Godbout,Hoyland,The+Emergence+of+Parties+in+the+Canadian+House+of+Commons+(1867-1908),,,
Rocher,The+End+of+the+Two+Solitudes?+The+Presence+(or+Absence)+of+the+Work+of+French-Speaking+Scholars+in+Canadian+Politics,,,,
Rocher,The+End+of+the+Two+Solitudes?+The+Presence+(or+Absence)+of+the+Work+of+French-Speaking+Scholars+in+Canadian+Politics,,,,
Rocher,The+End+of+the+Two+Solitudes?+The+Presence+(or+Absence)+of+the+Work+of+French-Speaking+Scholars+in+Canadian+Politics,,,,
Rocher,The+End+of+the+Two+Solitudes?+The+Presence+(or+Absence)+of+the+Work+of+French-Speaking+Scholars+in+Canadian+Politics,,,,
Rocher,The+End+of+the+Two+Solitudes?+The+Presence+(or+Absence)+of+the+Work+of+French-Speaking+Scholars+in+Canadian+Politics,,,,
Rocher,The+End+of+the+Two+Solitudes?+The+Presence+(or+Absence)+of+the+Work+of+French-Speaking+Scholars+in+Canadian+Politics,,,,
Rocher,The+End+of+the+Two+Solitudes?+The+Presence+(or+Absence)+of+the+Work+of+French-Speaking+Scholars+in+Canadian+Politics,,,,
Fafard,Rocher,The+Evolution+of+Federalism+Studies+in+Canada:+From+Centre+to+Periphery,,,
Fafard,Rocher,The+Evolution+of+Federalism+Studies+in+Canada:+From+Centre+to+Periphery,,,
Rocher,The+Evolving+Parameters+of+Quebec+Nationalism,,,,
Paquet,The+Federalization+of+Immigration+and+Integration+in+Canada,,,,
Ward,The+Formative+Years+of+the+House+of+Commons,,,,
Ward,The+Formative+Years+of+the+House+of+Commons,,,,
Sancton,The+Governance+of+Metropolitan+Areas+in+Canada,,,,
Cairns,The+Governments+and+Societies+of+Canadian+Federalism,,,,
Cairns,The+Governments+and+Societies+of+Canadian+Federalism,,,,
Cairns,The+Governments+and+Societies+of+Canadian+Federalism,,,,
Cairns,The+Governments+and+Societies+of+Canadian+Federalism,,,,
Cairns,The+Governments+and+Societies+of+Canadian+Federalism,,,,
Cairns,The+Governments+and+Societies+of+Canadian+Federalism,,,,
Cairns,The+Governments+and+Societies+of+Canadian+Federalism,,,,
Cairns,The+Governments+and+Societies+of+Canadian+Federalism,,,,
Cairns,The+Governments+and+Societies+of+Canadian+Federalism,,,,
Cairns,The+Governments+and+Societies+of+Canadian+Federalism,,,,
Cairns,The+Governments+and+Societies+of+Canadian+Federalism,,,,
Desserud,The+Governor+General%2C+The+Prime+Minister+and+the+Request+to+Prorogue,,,,
Slattery,The+Hidden+Constitution:+Aboriginal+Rights+in+Canada,,,,
Graefe,The+High+Value-Added%2C+Low-Wage+Model:+Progressive+Competitiveness+in+Québec+from+Bourassa+to+Bouchard,,,,
Hacker,The+Historical+Logic+of+National+Health+Insurance:++Structure+and+Sequence+in+the+Development+of+British%2C+Canadian%2C+and+U.S.+Medical+Policy,,,,
Hacker,The+Historical+Logic+of+National+Health+Insurance:+Structure+and+Sequence+in+the+Development+of+British%2C+Canadian%2C+and+U.S.+Medical+Policy,,,,
Beland,"The+Idea+of+Power+and+the+Role+of+Ideas,",,,,
Smith,The+Ideological+Origins+of+Canadian+Confederation,,,,
Dawson,The+Impact+of+the+Charter+on+the+Public+Policy+Process+and+the+Department+of+Justice,,,,
Oliver,The+Impact+of+the+Royal+Commission+on+Bilingualism+and+Biculturalism+on+Constitutional+Thought+and+Practice+in+Canada,,,,
Hutton,The+Innisian+Core-Periphery+Revisited:+Vancouvers+Changing+Relationship+with+British+Columbias+Staple+Economy,,,,
Kennedy,The+Interpretation+of+the+British+North+America+Act,,,,
Scharpf,The+Joint-Decision+Trap:+Lessons+from+West+German+Federalism+and+European+Integration,,,,
Turpel,The+Judged+and+Judging:+Locating+Innocence+in+a+Fallen+World,,,,
Cairns,The+Judicial+Committee+and+Its+Critics,,,,
Cairns,The+Judicial+Committee+and+Its+Critics,,,,
Cairns,The+Judicial+Committee+and+Its+Critics,,,,
Cairns,The+Judicial+Committee+and+Its+Critics,,,,
Cairns,The+Judicial+Committee+and+Its+Critics,,,,
Cairns,The+Judicial+Committee+and+Its+Critics,,,,
Cairns,The+Judicial+Committee+and+Its+Critics,,,,
Cairns,The+Judicial+Committee+and+Its+Critics,,,,
Cairns,The+Judicial+Committee+and+Its+Critics,,,,
Hirschl,The+Judicialization+of+Mega-Politics+and+the+Rise+of+the+Courts”+,,,,
Lindblom,The+Market+as+Prison,,,,
Alfred,Pitawanakwat,Price,The+Meaning+of+Political+Participation+for+Indigenous+Youth:+Charting+the+Course+for+Youth+Civic+and+Political+Participation,,
Mendelsohn,The+Media+and+Interpersonal+Communications:+The+Priming+of+Issues%2C+Leaders%2C+and+Party+Identification,,,,
ONeill,The+Medias+Role+in+Shaping+Canadian+Civic+and+Political+Engagement,,,,
Matthews,Pickup,Cutler,The+Mediated+Horserace:+Campaign+Polls+and+Poll+Reporting,,
Phillips,The+National+Policy+Revisited,,,,
Hirschl,The+New+Constitutionalism+and+the+Judicialization+of+Pure+Politics+Worldwide,,,,
Aucoin,The+New+Public+Management:+Canada+in+Comparative+Perspective,,,,
Hiebert,The+Notwithstanding+Clause:+Why+infrequent+use+should+not+be+equated+with+Charter+Compliance,,,,
Vosko,The+Past+(and+Futures)+of+Feminist+Political+Economy+in+Canada,,,,
Vosko,The+Past+(and+Futures)+of+Feminist+Political+Economy+in+Canada,,,,
Wiseman,The+Pattern+of+Prairie+Politics,,,,
Karl,The+Perils+of+the+Petro-State:+Reflections+on+the+Paradox+of+Plenty,,,,
Pocklington,The+Place+of+Political+Science+in+Canadian+Universities,,,,
Panagos,The+Plurality+of+Meanings+Shouldered+by+the+Term+Aboriginality:+An+Analysis+of+the+Delgamuuk+Case,,,,
Bradford,The+Policy+Influence+of+Economic+Ideas,,,,
Matthews,The+Political+Foundations+of+Support+for+Same-Sex+Marriage+in+Canada,,,,
Matthews,The+Political+Foundations+of+Support+for+Same-Sex+Marriage+in+Canada,,,,
Matthews,The+Political+Foundations+of+Support+for+Same-Sex+Marriage+in+Canada,,,,
Russell,The+Political+Purposes+of+the+Charter+of+Rights+and+Freedom,,,,
Russell,The+Political+Purposes+of+the+Charter+of+Rights+and+Freedom,,,,
Russell,The+Political+Purposes+of+the+Charter+of+Rights+and+Freedom,,,,
Russell,The+Political+Purposes+of+the+Charter+of+Rights+and+Freedom,,,,
Dick,The+Politics+of+Intragroup+Difference:+First+Nations+Women+and+the+Sawridge+Dispute,,,,
Dick,The+Politics+of+Intragroup+Difference:+First+Nations+Women+and+the+Sawridge+Dispute,,,,
Orsini,The+Politics+of+Naming%2C+Blaming+and+Claiming:+HIV%2C+Hepatitis+C+and+the+Emergence+of+Blood+Activism+in+Canada,,,,
Orsini,The+Politics+of+Naming%2C+Blaming+and+Claiming:+HIV%2C+Hepatitis+C+and+the+Emergence+of+Blood+Activism+in+Canada,,,,
Harrow,The+Politics+of+Tax+States+in+the+Canadian+Provinces+after+the+Golden+Age,,,,
Harrow,The+Politics+of+Tax+States+in+the+Canadian+Provinces+after+the+Golden+Age,,,,
Carty,The+Politics+of+Tecumseh+Corners:+Canadian+Political+Parties+as+Franchise+Organization,,,,
Carty,The+Politics+of+Tecumseh+Corners:+Canadian+Political+Parties+as+Franchise+Organization,,,,
Carty,The+Politics+of+Tecumseh+Corners:+Canadian+Political+Parties+as+Franchise+Organization,,,,
Carty,The+Politics+of+Tecumseh+Corners:+Canadian+Political+Parties+as+Franchise+Organization,,,,
Carty,The+Politics+of+Tecumseh+Corners:+Canadian+Political+Parties+as+Franchise+Organization,,,,
Carty,The+Politics+of+Tecumseh+Corners:+Canadian+Political+Parties+as+Franchise+Organizations,,,,
Caruana,The+Power+of+the+Dark+Side:+Negative+Partisanship+and+Political+Behaviour+in+Canada,,,,
Forsey,The+Problem+of+Minority+Government+in+Canada,,,,
Bakan,Abu-Laban,The+Racial+Contract:+Israel/Palestine+and+Canada,,,
Belanger,Petry,The+Rational+Public?+A+Canadian+Test+of+the+Page+,,,
Heard,Swartz,The+Regional+Veto+Formula+and+Its+Effects+on+Canadas+Constitutional+Amendment+Process,,,
Mendelsohn,Nadeau,The+Religious+Cleavage+and+the+Media+in+Canada,,,
Johnston,The+Reproduction+of+the+Religious+Cleavage+in+Canadian+Elections,,,,
Savoie,The+Rise+of+Court+Government+in+Canada,,,,
Savoie,The+Rise+of+Court+Government+in+Canada,,,,
Savoie,The+Rise+of+Court+Government+in+Canada,,,,
Young,Cross,The+Rise+of+Plebiscitary+Democracy+in+Canadian+Political+Parties,,,
Smiley,The+Rowell-Sirois+Report%2C+Provincial+Autonomy%2C+and+Post-War+Canadian+Federalism,,,,
Smiley,The+Rowell-Sirois+Report%2C+Provincial+Autonomy%2C+and+Post-War+Canadian+Federalism,,,,
Cutler,The+Simplest+Shortcut+of+All:+Socio-Demographic+Characteristics+and+Electoral+Choice,,,,
Watkins,The+Staple+Theory+Revisited,,,,
Cameron,Krikorian,The+Study+of+Federalism%2C+1960-1999:+A+content+review+of+several+leading+academic+journals,,,
Russell,The+Supreme+Court+and+Federal+Provincial+Relations:+The+Political+Use+of+Legal+Resources,,,,
Roach,The+Supreme+Court+on+Trial:+Judicial+Activism+or+Democratic+Dialogue+,,,,
Wilson,The+Tapestry+Vision+of+Canadian+Multiculturalism,,,,
Esping-Andersen,The+Three+Political+Economies+of+the+Welfare+State,,,,
Manfredi,The+Use+of+United+States+Decisions+by+the+Supreme+Court+of+Canada+Under+the+Charter+of+Rights+and+Freedoms,,,,
Huber,The+Vote+of+Confidence+in+Parliamentary+Democracies,,,,
Smith,The+Westminster+Model+in+Ottawa:+A+Study+in+the+Absence+of+Influence,,,,
Lecours,Theorizing+Cultural+Identities:+Historical+Institutionalism+as+a+Challenge+to+the+Institutionalists,,,,
Alcantara,To+Treat+or+Not+to+Treaty?+Aboriginal+Peoples+and+Comprehensive+Land+Claims+Negotiations+in+Canada,,,,
Alcantara,To+Treat+or+Not+to+Treaty?+Aboriginal+Peoples+and+Comprehensive+Land+Claims+Negotiations+in+Canada,,,,
Palmer,Toward+an+Economics+of+Comparative+Political+Organization:+Examining+Ministerial+Responsibility,,,,
Jessop,Towards+a+Schumpeterian+Workfare+State,,,,
Corntassel,Towards+Sustainable+Self-Determination:+Rethinking+the+Contemporary+Indigenous-Rights+Discourse,,,,
Borrows,Tracking+Trajectories:+Aboriginal+Governance+as+an+Aboriginal+Right,,,,
White,Traditional+Aboriginal+Values+in+a+Westminister+Parliament:+the+Legislative+Assembly+of+Nunavut,,,,
Johnston,Matthews,Bittner,Turnout+and+the+party+system+1988-2004,,
Erk,Uncodified+Workings+and+Unworkable+Codes:+Canadian+Federalism+and+Public+Policy,,,,
Hooghe,Marks,Unraveling+the+Central+State%2C+but+How?+Types+of+Multi-level+Governance+,,,
Ladner,Up+the+Creek:+Fishing+for+a+New+Constitutional+Order,,,,
Ladner,Up+the+Creek:+Fishing+for+a+New+Constitutional+Order,,,,
Ladner,Up+the+Creek:+Fishing+for+a+New+Constitutional+Order,,,,
Ladner,Up+the+Creek:+Fishing+for+a+New+Constitutional+Order,,,,
Ladner,Up+the+Creek:+Fishing+for+a+New+Constitutional+Order,,,,
Gertler,Urban+Economy+and+Society+in+Canada:+Flows+of+People%2C+Capital%2C+and+Ideas,,,,
Nevitte,Value+Change+and+Reorientations+in+Citizen-State+Relations,,,,
Beland,Myles,Varieties+of+Federalism%2C+Institutional+Legacies%2C+and+Social+Policy:+Comparing+Old-Age+and+Unemployment+Insurance+Reform+in+Canada,,,
Mahon,Varieties+of+Liberalism:+Canadian+Social+Policy+from+the+Golden+Age+to+the+Present,,,,
Mahon,Varieties+of+Liberalism:+Canadian+Social+Policy+from+the+Golden+Age+to+the+Present,,,,
Perrella,Brown,Kay,Voting+Behaviour+among+the+Gay%2C+Lesbian%2C+Bisexual+and+Transgendered+Electorate,,
Brodie,We+Are+All+Equal+Now:+Contemporary+Gender+Politics+in+Canada,,,,
Brodie,We+Are+All+Equal+Now:+Contemporary+Gender+Politics+in+Canada,,,,
Brodie,We+Are+All+Equal+Now:+Contemporary+Gender+Politics+in+Canada,,,,
Jenson,Wearing+Your+Adjectives+Proudly:+Citizenship+and+Gender+in+Turn-of-the-+Century+Canada,,,,
White,Westminister+in+the+Artic:+The+Adaptation+of+British+Parliamentarism+in+the+Legislative+Assembly+of+the+Northwest+Territories,,,,
White,Westminister+in+the+Artic:+The+Adaptation+of+British+Parliamentarism+in+the+Legislative+Assembly+of+the+Northwest+Territories,,,,
Altvater,What+Happens+When+Public+Goods+Are+Privatized,,,,
Blais,Gidengil,Nevitte,Nadaeau,Where+does+Turnout+Decline+Come+From?,
Blais,Gidengil,Nevitte,Nadaeau,Where+does+Turnout+Decline+Come+From?,
Blais,Gidengil,Nevitte,Nadaeau,Where+does+Turnout+Decline+Come+From?,
Skogstad,Who+Governs?+Who+Should+Govern?:+Political+authority+and+legitimacy+in+Canada+in+the+twenty-first+century,,,,
Skogstad,Who+Governs?+Who+Should+Govern?:+Political+authority+and+legitimacy+in+Canada+in+the+twenty-first+century,,,,
Skogstad,Who+Governs?+Who+Should+Govern?:+Political+authority+and+legitimacy+in+Canada+in+the+twenty-first+century,,,,
Cutler,Whodunnit?+Canadian+Voters%2C+Intergovernmentalism%2C+and+Responsibility,,,,
Cutler,Whodunnit?+Canadian+Voters%2C+Intergovernmentalism%2C+and+Responsibility,,,,
Cutler,Whodunnit?+Canadian+Voters%2C+Intergovernmentalism%2C+and+Responsibility,,,,
Hennigar,Why+Does+the+Federal+Government+Appeal+to+the+Supreme+Court+of+Canada+in+Charter+of+Rights+Cases?+A+Strategic+Explanation,,,,
Changfoot,Cullen,Why+is+Quebec+Separatism+Off+the+Agenda:+Reducing+National+Unity+Crisis+in+the+Neo-Liberal+Era,,,
Changfoot,Cullen,Why+is+Quebec+Separatism+Off+the+Agenda:+Reducing+National+Unity+Crisis+in+the+Neo-Liberal+Era,,,
Blais,Why+is+there+so+little+strategic+voting+in+plurality+systems,,,,
Henderson,Why+Regions+Matter:+Sub-state+Politics+in+Comparative+Perspective,,,,
Henderson,Why+Regions+Matter:+Sub-state+Politics+in+Comparative+Perspective,,,,
Wilson,Will+Women+Judges+Really+Make+a+Difference?,,,,
Andrew,Women+and+the+Welfare+State,,,,
Andrew,Women+and+the+Welfare+State,,,,
Black,Erikson,Women+candidates+and+voter+bias:+do+women+politicians+need+to+be+better?,,,
Tremblay,Womens+Representational+Role+in+Australia+and+Canada:+The+Impact+of+Political+Context,,,,
Young,Womens+Movements+and+Political+Parties,,,,
Stasiulis,Worrier+Nation:+Quebecs+Value+Codes+for+Immigrants,,,,
Kerby,Worth+the+Wait:+The+Determinants+of+Ministerial+Appointment+in+Canada,,,,
Kerby,Worth+the+Wait:+The+Determinants+of+Ministerial+Appointment+in+Canada,,,,
Kerby,Worth+the+Wait:+The+Determinants+of+Ministerial+Appointment+in+Canada,,,,