UUID,a1,a2,a3,a4,a5,a6,pub_type,name,0,0,0,0,0,0,0,0,0,0
540CD189,Charbonneau,0,0,0,0,0,3,%20Comprendre%20le%20nouveau%20nationalisme%20canadien%20:%20le%20Canada%20comme%20idéal%20moral%20politique,0,0,0,0,0,0,0,0,0,0
6D3E7498,Belanger,Nadeau,0,0,0,0,3,%20Lélecteur%20québécois%20et%20les%20partis,0,0,0,0,0,0,0,0,0,0
CB93FC8D,Joanis,0,0,0,0,0,3,%20Les%20politiques%20publiques%20à%20lère%20du%20%20fédéralisme%20flexible%20,0,0,0,0,0,0,0,0,0,0
F0CD34B4,Papillon,0,0,0,0,0,3,%20Vers%20un%20fédéralisme%20postcolonial?%20La%20difficile%20redéfinition%20des%20rapports%20entre%20lÉtat%20canadien%20et%20les%20peuples%20autochtones,0,0,0,0,0,0,0,0,0,0
3B593235,Brock,0,0,0,0,0,3,A%20Comprehensive%20Canadian%20Approach%20to%20the%20Third%20Sector:%20Creative%20Tensions%20and%20Unexpected%20Outcomes,0,0,0,0,0,0,0,0,0,0
03D257F9,Albo,Jenson,0,0,0,0,3,A%20Contested%20Concept:%20The%20Relative%20Autonmy%20of%20the%20State,0,0,0,0,0,0,0,0,0,0
926C9289,Albo,Jenson,0,0,0,0,3,A%20Contested%20Concept:%20The%20Relative%20Autonmy%20of%20the%20State,0,0,0,0,0,0,0,0,0,0
B50818F0,General/Classics,0,0,0,0,0,3,A%20Framework%20for%20Feminist%20Political%20Science,0,0,0,0,0,0,0,0,0,0
C6DC5CB2,Elections%20Canada,0,0,0,0,0,4,A%20History%20of%20the%20Vote%20in%20Canada,0,0,0,0,0,0,0,0,0,0
70B4251F,Carty,Cross,Young,0,0,0,3,A%20New%20Canadian%20Party%20System,0,0,0,0,0,0,0,0,0,0
D61E66E1,Carty,Cross,Young,0,0,0,3,A%20New%20Canadian%20Party%20System,0,0,0,0,0,0,0,0,0,0
669121A7,Carty,Cross,Young,0,0,0,3,A%20New%20Canadian%20Party%20System,0,0,0,0,0,0,0,0,0,0
4FC0942D,Magnusson,Shaw,0,0,0,0,3,A%20Political%20Space:%20Reading%20the%20Global%20through%20Clayoquot%20Sound%20,0,0,0,0,0,0,0,0,0,0
9A6A0F9D,Smith,0,0,0,0,0,4,Abolishing%20the%20Senate:%20The%20NDPs%20Bad%20Idea.,0,0,0,0,0,0,0,0,0,0
C603DC79,Turpel,0,0,0,0,0,3,Aboriginal%20Peoples%20and%20the%20Canadian%20Charter:%20Interpretive%20Monopolies%2C%20Cultural%20Differences,0,0,0,0,0,0,0,0,0,0
DE57C12D,Papillon,0,0,0,0,0,3,Aboriginal%20Peoples%20in%20Quebec,0,0,0,0,0,0,0,0,0,0
68BE8E60,Chartier,0,0,0,0,0,3,Aboriginal%20Rights%20and%20Land%20Issues:%20The%20Metis%20Perspective,0,0,0,0,0,0,0,0,0,0
FE18DCD1,Prince,0,0,0,0,0,3,Absent%20Citizens:%20Disability%20Politics%20and%20Policy%20in%20Canada,0,0,0,0,0,0,0,0,0,0
0E8AC5A7,Clarke,Jenson,Leduc,Pammett,0,0,3,Absent%20Mandate:%20Canadian%20Electoral%20Politics%20in%20an%20Era%20of%20Restructuring,0,0,0,0,0,0,0,0,0,0
F28AE6FE,Kingdon,0,0,0,0,0,3,Agendas%2C%20Alternatives%2C%20and%20Public%20Policies,0,0,0,0,0,0,0,0,0,0
FFA13273,Laforest,0,0,0,0,0,3,Allaire%2C%20Belaner-Campeau%2C%20and%20Proposals%20for%20Renewed%20Federalism,0,0,0,0,0,0,0,0,0,0
C915C0F7,Marland,0,0,0,0,0,3,Amateurs%20versus%20Professionals:%20The%201993%20and%202006%20Canadian%20Federal%20Elections,0,0,0,0,0,0,0,0,0,0
6B081B67,Smiley,0,0,0,0,0,3,An%20Outsiders%20Observations%20of%20Federal—Provincial%20Relations%20Among%20Consenting%20Adults,0,0,0,0,0,0,0,0,0,0
E30DE3B6,Blais,Gidengil,Nadeau,0,0,0,3,Anatomy%20of%20a%20Liberal%20Victory:%20Making%20Sense%20of%20the%202000%20Canadian%20Election,0,0,0,0,0,0,0,0,0,0
867C8ECE,Montpetit,0,0,0,0,0,3,Are%20Interest%20Groups%20Useful%20or%20Harmful?%20,0,0,0,0,0,0,0,0,0,0
9008523C,Montpetit,0,0,0,0,0,3,Are%20Interest%20Groups%20Useful%20or%20Harmful?%20Take%20Two,0,0,0,0,0,0,0,0,0,0
08F05DF6,Montpetit,0,0,0,0,0,3,Are%20Interest%20Groups%20Useful%20or%20Harmful?%20Take%20Two,0,0,0,0,0,0,0,0,0,0
E870B2AB,Finbow,0,0,0,0,0,3,Atlantic%20Canada%20in%20the%20Twenty-First%20Century:%20Prospects%20for%20Regional%20Integration,0,0,0,0,0,0,0,0,0,0
71441605,Ostberg,Wetstein,0,0,0,0,3,Attitudinal%20Decision%20Making%20in%20the%20Supreme%20Court%20of%20Canada,0,0,0,0,0,0,0,0,0,0
6ECEDE06,Ostberg,Wetstein,0,0,0,0,3,Attitudinal%20Decision%20Making%20in%20the%20Supreme%20Court%20of%20Canada,0,0,0,0,0,0,0,0,0,0
A586D966,Supreme%20Court%20of%20Canada,0,0,0,0,0,4,Attorney%20General%20of%20Manitoba%20et%20al.%20v.%20Attorney%20General%20of%20Canada%20et%20al.%20(Patriation%20Reference)%2C%20[1981]%201%20S.C.R.%20753,0,0,0,0,0,0,0,0,0,0
58C6CD44,Kelly,Laforest,0,0,0,0,3,Aux%20sources%20dune%20tradition%20politique.%20Les,0,0,0,0,0,0,0,0,0,0
DBDD7632,Smith,0,0,0,0,0,3,Bagehot%2C%20the%20Crown%20and%20the%20Canadian%20Constitution,0,0,0,0,0,0,0,0,0,0
6424D3C7,Green,0,0,0,0,0,3,Balancing%20Strategies:%20Aboriginal%20Women%20and%20Constitutional%20Rights%20in%20Canada,0,0,0,0,0,0,0,0,0,0
63A05247,Alfred,Corntassel,0,0,0,0,3,Being%20Indigenous:%20Resurgences%20against%20Contemporary%20Colonialism,0,0,0,0,0,0,0,0,0,0
A875940C,Palmater,0,0,0,0,0,3,Beyond%20Blood:%20Rethinking%20Indigenous%20Identity%20,0,0,0,0,0,0,0,0,0,0
87382D67,Flanagan,Alcantara,Le%20Dressay,0,0,0,3,Beyond%20the%20Indian%20Act:%20Restoring%20Aboriginal%20Property%20Rights,0,0,0,0,0,0,0,0,0,0
32150159,Greene,0,0,0,0,0,3,Boardrooms%20and%20Barricades:%20Anti-Poverty%20Organizing%20in%20Canada,0,0,0,0,0,0,0,0,0,0
486A0369,Swinton,0,0,0,0,0,3,Bora%20Laskin%20and%20Federalism,0,0,0,0,0,0,0,0,0,0
DAFBCABB,Marland,0,0,0,0,0,3,Brand%20Command,0,0,0,0,0,0,0,0,0,0
21ACCCC1,Creighton,0,0,0,0,0,4,British%20North%20America%20at%20Confederation,0,0,0,0,0,0,0,0,0,0
8B890320,Stritch,0,0,0,0,0,3,Business%20Associations%20and%20Policy%20Analysis%20in%20Canada,0,0,0,0,0,0,0,0,0,0
D009F08F,Clancy,0,0,0,0,0,3,Business%20Interests%20and%20Civil%20Society%20in%20Canada,0,0,0,0,0,0,0,0,0,0
5E4C78BE,Clancy,0,0,0,0,0,3,Business%20Interests%20and%20Civil%20Society%20in%20Canada,0,0,0,0,0,0,0,0,0,0
2458B7C5,Clancy,0,0,0,0,0,3,Business%20Interests%20and%20Civil%20Society%20in%20Canada,0,0,0,0,0,0,0,0,0,0
17A8E37F,Streeck,0,0,0,0,0,3,Buying%20Time:%20The%20Delayed%20Crisis%20of%20Democratic%20Capitalism,0,0,0,0,0,0,0,0,0,0
BAC4E24E,Campbell,0,0,0,0,0,3,Cabinet%20Committees%20in%20Canada:%20Pressures%20and%20Dysfunctions%20Stemming%20from%20the%20Representational%20Imperative,0,0,0,0,0,0,0,0,0,0
3435ACC1,Young,0,0,0,0,0,3,Can%20Feminists%20Transform%20Party%20Politics?%20The%20Canadian%20Experience,0,0,0,0,0,0,0,0,0,0
8692A7B2,Young,0,0,0,0,0,3,Can%20Feminists%20Transform%20Party%20Politics?%20The%20Canadian%20Experience,0,0,0,0,0,0,0,0,0,0
4491452E,Russell,0,0,0,0,0,3,Canada%20-%20A%20Pioneer%20in%20the%20Management%20of%20Constitutional%20Politics%20in%20a%20Multinational%20Society,0,0,0,0,0,0,0,0,0,0
DAA5A82B,Parliament%20of%20the%20UK,0,0,0,0,0,3,Canada%20Act,0,0,0,0,0,0,0,0,0,0
69F4977C,McRoberts,0,0,0,0,0,4,Canada%20and%20the%20Multinational%20State,0,0,0,0,0,0,0,0,0,0
470CCB64,Banting,0,0,0,0,0,3,Canada%20as%20Counternarrative:%20Multiculturalism%2C%20Recognition%20and%20Redistribution,0,0,0,0,0,0,0,0,0,0
22C8ADD4,Smiley,0,0,0,0,0,3,Canada%20in%20Question:%20Federalism%20in%20the%20Seventies,0,0,0,0,0,0,0,0,0,0
68DEFF04,Bakvis,Wolinetz,0,0,0,0,3,Canada:%20Executive%20Dominance%20and%20Presidentialization,0,0,0,0,0,0,0,0,0,0
F635B70B,Bakvis,Wolinetz,0,0,0,0,3,Canada:%20Executive%20Dominance%20and%20Presidentialization,0,0,0,0,0,0,0,0,0,0
F3B7E68D,Banting,0,0,0,0,0,3,Canada:%20Nation-Building%20in%20a%20Federal%20Welfare%20State,0,0,0,0,0,0,0,0,0,0
966709A2,Banting,0,0,0,0,0,3,Canada:%20Nation-Building%20in%20a%20Federal%20Welfare%20State,0,0,0,0,0,0,0,0,0,0
834FCD35,Galabuzi,0,0,0,0,0,3,Canadas%20Economic%20Apartheid:%20The%20Social%20Exclusion%20of%20Racialized%20Groups%20in%20the%20New%20Century,0,0,0,0,0,0,0,0,0,0
EBEB26AB,Ajzenstat,Romney,Gentiles,0,0,0,3,Canadas%20Founding%20Debates,0,0,0,0,0,0,0,0,0,0
5D6405FE,Ajzenstat,Romney,Gentiles,0,0,0,3,Canadas%20Founding%20Debates,0,0,0,0,0,0,0,0,0,0
B33FFEAE,Borrows,0,0,0,0,0,3,Canadas%20Indigenous%20Constitution,0,0,0,0,0,0,0,0,0,0
1F388569,Jackman,0,0,0,0,0,3,Canadian%20Charter%20Equality%20at%2020:%20Reflections%20of%20a%20Card-Carrying%20Member%20of%20the%20Court%20Party,0,0,0,0,0,0,0,0,0,0
3DB2FCA3,Trebilcock,0,0,0,0,0,3,Canadian%20Competition%20Policy%20in%20Historical%20Perspective,0,0,0,0,0,0,0,0,0,0
ABE37A72,Heard,0,0,0,0,0,3,Canadian%20Constitutional%20Conventions%202ed,0,0,0,0,0,0,0,0,0,0
FB37066C,Heard,0,0,0,0,0,3,Canadian%20Constitutional%20Conventions%202ed,0,0,0,0,0,0,0,0,0,0
F120EDBA,Heard,0,0,0,0,0,3,Canadian%20Constitutional%20Conventions:%20The%20Marriage%20of%20Law%20and%20Politics,0,0,0,0,0,0,0,0,0,0
488A50F0,Papillon,0,0,0,0,0,3,Canadian%20Federalism%20and%20the%20Emerging%20Mosaic%20of%20Aboriginal,0,0,0,0,0,0,0,0,0,0
8BBC2CC8,Bakvis,Skogstad,0,0,0,0,3,Canadian%20Federalism:%20Performance%2C%20Effectiveness%20and%20Legitimacy,0,0,0,0,0,0,0,0,0,0
14862B92,Bakvis,Skogstad,0,0,0,0,3,Canadian%20Federalism.%20Performance%2C%20Effectiveness%20and%20Legitimacy%2C%202nd%20ed,0,0,0,0,0,0,0,0,0,0
06A32257,Bakvis,Skogstad,0,0,0,0,3,Canadian%20Federalism.%20Performance%2C%20Effectiveness%20and%20Legitimacy%2C%203rd%20ed.,0,0,0,0,0,0,0,0,0,0
19484D1A,Salee,0,0,0,0,0,3,Canadian%20Political%20Economy%20and%20the%20Theory%20of%20the%20Contemporary%20State,0,0,0,0,0,0,0,0,0,0
CD5ACEC6,Azoulay,0,0,0,0,0,3,Canadian%20Political%20Parties:%20Historical%20Readings,0,0,0,0,0,0,0,0,0,0
5D4EF20A,Carty,0,0,0,0,0,3,Canadian%20Political%20Party%20Systems,0,0,0,0,0,0,0,0,0,0
68BEA454,Carty,0,0,0,0,0,3,Canadian%20Political%20Party%20Systems,0,0,0,0,0,0,0,0,0,0
71AF0442,Beiner,Norman,0,0,0,0,3,Canadian%20Political%20Philosophy:%20Contemporary%20Reflections,0,0,0,0,0,0,0,0,0,0
2B42C78E,Eidelman,Taylor,0,0,0,0,3,Canadian%20Urban%20Politics:%20Another%20Black%20Hole?”%20,0,0,0,0,0,0,0,0,0,0
64925B36,Hoberg,Banting,Simeon,0,0,0,3,Capacity%20for%20Choice:%20Canada%20in%20a%20New%20North%20America,0,0,0,0,0,0,0,0,0,0
E4E4CF16,Asch,0,0,0,0,0,3,Capital%20and%20Economic%20Development:%20A%20Critical%20Appraisal%20of%20the%20Recommendations%20of%20the%20Mackenzie%20Valley%20Pipeline%20Commission,0,0,0,0,0,0,0,0,0,0
71EE3D87,Kershaw,0,0,0,0,0,3,Carefair:%20Gendering%20Citizenship%20Neoliberal%20Style,0,0,0,0,0,0,0,0,0,0
EFEAB88C,Gidengil,0,0,0,0,0,3,Challenge%20and%20Change:%20Elections%20and%20Voting,0,0,0,0,0,0,0,0,0,0
C2E021E8,Clement,Vosko,0,0,0,0,3,Changing%20Canada,0,0,0,0,0,0,0,0,0,0
5CE4853B,Clement,Vosko,0,0,0,0,3,Changing%20Canada,0,0,0,0,0,0,0,0,0,0
12390365,Clement,Vosko,0,0,0,0,3,Changing%20Canada,0,0,0,0,0,0,0,0,0,0
24BD34C1,Bakker,0,0,0,0,0,3,Changing%20Macroeconomic%20Governance%20and%20Gender%20Orders,0,0,0,0,0,0,0,0,0,0
943C09AC,Massicotte,0,0,0,0,0,3,Changing%20the%20Canadian%20Electoral%20System,0,0,0,0,0,0,0,0,0,0
9B99029D,Bannerji,0,0,0,0,0,3,Charles%20Taylors%20Politics%20of%20Recognition:%20A%20Critique,0,0,0,0,0,0,0,0,0,0
8E3998C7,James,0,0,0,0,0,3,Charter%20as%20Materialist%20Politics,0,0,0,0,0,0,0,0,0,0
91526064,Dobrowolsky,0,0,0,0,0,3,Charter%20Champions?%20Equality%20Backsliding%2C%20the%20Charter%2C%20and%20the%20Courts,0,0,0,0,0,0,0,0,0,0
30528772,Howe,0,0,0,0,0,3,Citizens%20Adrift:%20The%20Democratic%20Disengagement%20of%20Young%20Canadians,0,0,0,0,0,0,0,0,0,0
9B1F33A1,Docherty,0,0,0,0,0,3,Citizens%20and%20Legislators:%20Different%20Views%20on%20Representation,0,0,0,0,0,0,0,0,0,0
033E83D0,Cairns,0,0,0,0,0,3,Citizens%20Plus:%20Aboriginal%20Peoples%20and%20the%20Canadian%20State,0,0,0,0,0,0,0,0,0,0
C28E5D14,Cairns,0,0,0,0,0,3,Citizens%20Plus:%20Aboriginal%20Peoples%20and%20the%20Canadian%20State,0,0,0,0,0,0,0,0,0,0
2A648CAB,Kymlicka,0,0,0,0,0,3,Citizenship%2C%20Communities%2C%20and%20Identity%20in%20Canada,0,0,0,0,0,0,0,0,0,0
E1831E1B,Kymlicka,0,0,0,0,0,3,Citizenship%2C%20Communities%2C%20and%20Identity%20in%20Canada,0,0,0,0,0,0,0,0,0,0
4BC44DDB,Wesley,0,0,0,0,0,3,Code%20Politics:%20Campaigns%20and%20Cultures%20on%20the%20Canadian%20Prairies,0,0,0,0,0,0,0,0,0,0
B50122DE,Andrew,0,0,0,0,0,3,Comment%20tenir%20compte%20de%20la%20place%20du%20gouvernement%20municipal%20dans%20la%20formulation%20des%20politiques%20publiques?%20Quand%20les%20géographes%20viennent%20en%20aide%20aux%20politologues,0,0,0,0,0,0,0,0,0,0
934006EB,Pepin,Robarts,0,0,0,0,4,"Commission%20de%20lunité%20canadienne%20(Commission%20Pepin-Robarts),",0,0,0,0,0,0,0,0,0,0
D72B734E,Government%20of%20Canada,0,0,0,0,0,4,Commission%20of%20Inquiry%20into%20the%20Sponsorship%20Program%20and%20Advertising%20Activities,0,0,0,0,0,0,0,0,0,0
309AABC4,Laurendeau,Dunton,0,0,0,0,4,Commission%20royale%20denquête%20sur%20le%20bilinguisme%20et%20le%20biculturalisme%20(Commission,0,0,0,0,0,0,0,0,0,0
E56890FF,Tremblay,0,0,0,0,0,4,Commission%20royale%20denquête%20sur%20les%20problèmes%20constitutionnels%20(Commission,0,0,0,0,0,0,0,0,0,0
A60A65D0,Rowell,Sirois,0,0,0,0,4,Commission%20royale%20des%20relations%20entre%20le%20Dominion%20et%20les%20provinces%20(Commission,0,0,0,0,0,0,0,0,0,0
F0E4CF0D,Clarkson,Banda,0,0,0,0,3,Community%20of%20Law:%20Proposals%20for%20a%20Strategic%20Deal%20with%20the%20United%20States,0,0,0,0,0,0,0,0,0,0
751884FA,Dunn,0,0,0,0,0,3,Comparative%20Provincial%20Politics:%20A%20Review,0,0,0,0,0,0,0,0,0,0
9CBF2156,Bickerton,0,0,0,0,0,3,Competing%20for%20Power:%20Parties%20and%20Elections%20in%20Canada%20(Chapter%20Twelve),0,0,0,0,0,0,0,0,0,0
BCA3826C,Cairns,0,0,0,0,0,3,Conclusion:%20Are%20We%20on%20the%20Right%20Track?,0,0,0,0,0,0,0,0,0,0
11CDCE73,Rayside,Farney,0,0,0,0,3,Conservatism%20in%20Canada,0,0,0,0,0,0,0,0,0,0
F9E21441,Horowitz,0,0,0,0,0,3,Conservatism%2C%20Liberalism%2C%20and%20Socialism%20in%20Canada,0,0,0,0,0,0,0,0,0,0
F0CD7FF7,Government%20of%20Canada,0,0,0,0,0,4,Constitution%20Act%2C%201867,0,0,0,0,0,0,0,0,0,0
4B9A4947,Government%20of%20Canada,0,0,0,0,0,4,Constitution%20Act%2C%201982,0,0,0,0,0,0,0,0,0,0
EB962C0C,Choudhry,0,0,0,0,0,3,Constitutional%20Change%20in%20the%2021st%20Century,0,0,0,0,0,0,0,0,0,0
CCA27C55,Cairns,0,0,0,0,0,3,Constitutional%20Minoritarianism,0,0,0,0,0,0,0,0,0,0
C733BCDE,Gibbins,0,0,0,0,0,3,Constitutional%20Politics%20(Chapter%203)%20,0,0,0,0,0,0,0,0,0,0
216368AB,Russell,0,0,0,0,0,3,Constitutional%20Politics:%20In%20a%20New%20Era%20Canada%20Returns%20to%20Old%20Methods,0,0,0,0,0,0,0,0,0,0
7F9A8791,Aucoin,Bakvis,Jarvis,0,0,0,3,Constraining%20Executive%20Power%20in%20the%20Era%20of%20New%20Political%20Governance,0,0,0,0,0,0,0,0,0,0
BBFEBDB5,Albo,0,0,0,0,0,3,Contesting%20the%20New%20Capitalism,0,0,0,0,0,0,0,0,0,0
48E88B04,Lipset,0,0,0,0,0,3,Continental%20Divide:%20The%20value%20and%20institutions%20of%20the%20United%20States%20and%20Canada,0,0,0,0,0,0,0,0,0,0
1F507187,Lipset,0,0,0,0,0,3,Continental%20Divide:%20The%20value%20and%20institutions%20of%20the%20United%20States%20and%20Canada,0,0,0,0,0,0,0,0,0,0
E7B2A9AA,Michelmann,de%20Clercy,0,0,0,0,3,Continuity%20and%20Change%20in%20Canadian%20Politics:%20Essays%20in%20Honour%20of%20David%20E.%20Smith,0,0,0,0,0,0,0,0,0,0
42A8EEDE,Baier,0,0,0,0,0,3,Courts%20and%20Federalism:%20Judicial%20Doctrine%20In%20the%20United%20States%2C%20Australia%2C%20And%20Callada,0,0,0,0,0,0,0,0,0,0
53B861ED,Baier,0,0,0,0,0,3,Courts%20and%20Federalism:%20Judicial%20Doctrine%20In%20the%20United%20States%2C%20Australia%2C%20And%20Callada,0,0,0,0,0,0,0,0,0,0
369A9C4F,McLachlin,0,0,0,0,0,3,Courts%2C%20Legislatures%20and%20Executives%20in%20the%20Post-Charter%20Era,0,0,0,0,0,0,0,0,0,0
6C7212AA,Jenson,Brodie,0,0,0,0,3,Crisis%2C%20Challenge%20and%20Change:%20Party%20and%20Class%20in%20Canada,0,0,0,0,0,0,0,0,0,0
06F8B5C1,Orsini,Smith,0,0,0,0,3,Critical%20Policy%20Studies,0,0,0,0,0,0,0,0,0,0
0C0E0EC1,Magnusson,0,0,0,0,0,3,Critical%20Social%20Movements:%20De-Centring%20the%20State,0,0,0,0,0,0,0,0,0,0
16F53ED8,Supreme%20Court%20of%20canada,0,0,0,0,0,4,Daniels%20v.%20Canada%20(Indian%20Affairs%20and%20Northern%20Development),0,0,0,0,0,0,0,0,0,0
70330252,Chevrier,0,0,0,0,0,3,De%20la%20république%20en%20Amérique%20française,0,0,0,0,0,0,0,0,0,0
6DDD8C13,Howlett,0,0,0,0,0,3,De-Mythologizing%20Provincial%20Political%20Economies:%20The%20Development%20of%20the%20Service%20Sectors%20in%20the%20Provinces%2C%201911-1991,0,0,0,0,0,0,0,0,0,0
BBA2D85B,Clement,0,0,0,0,0,3,Debates%20and%20Directions:%20A%20Political%20Economy%20of%20Resources,0,0,0,0,0,0,0,0,0,0
0C948EF5,Aitken,0,0,0,0,0,3,Defensive%20Expansionism:%20The%20State%20and%20Economic%20Growth%20in%20Canada,0,0,0,0,0,0,0,0,0,0
D84D4866,Sabetti,0,0,0,0,0,3,Democracy%20and%20Civic%20Culture,0,0,0,0,0,0,0,0,0,0
253C04C4,Albo,0,0,0,0,0,3,Democratic%20Citizenship%20and%20the%20Future%20of%20Public%20Management,0,0,0,0,0,0,0,0,0,0
AA9F880A,Aucoin,Jarvis,Turnbull,0,0,0,3,Democratizing%20the%20Constitution:%20Reforming%20Responsible%20Government,0,0,0,0,0,0,0,0,0,0
3968AFCA,Aucoin,Jarvis,Turnbull,0,0,0,3,Democratizing%20the%20Constitution:%20Reforming%20Responsible%20Government,0,0,0,0,0,0,0,0,0,0
A245B190,Aucoin,Jarvis,Turnbull,0,0,0,3,Democratizing%20the%20Constitution:%20Reforming%20Responsible%20Government,0,0,0,0,0,0,0,0,0,0
FE209020,Panitch,0,0,0,0,0,3,Dependency%20and%20Class%20in%20Canadian%20Political%20Economy,0,0,0,0,0,0,0,0,0,0
AFF7848F,Fowke,0,0,0,0,0,3,Development%20and%20Integration%20of%20the%20National%20Policy,0,0,0,0,0,0,0,0,0,0
52DD8294,Philips,0,0,0,0,0,3,Discourse%2C%20Identity%20and%20Voice:%20Feminist%20Contributions%20to%20Policy%20Studies,0,0,0,0,0,0,0,0,0,0
C014FA85,Philips,0,0,0,0,0,3,Discourse%2C%20Identity%20and%20Voice:%20Feminist%20Contributions%20to%20Policy%20Studies,0,0,0,0,0,0,0,0,0,0
74177AB7,Simeon,Papillon,0,0,0,0,3,Distribution%20of%20Power%20and%20Responsibilities%20in%20Federal%20Countries,0,0,0,0,0,0,0,0,0,0
E4FC80BE,Abu-Laban,0,0,0,0,0,3,Diversity%20in%20Canadian%20Politics,0,0,0,0,0,0,0,0,0,0
866A31F1,Abu-Laban,0,0,0,0,0,3,Diversity%20in%20Canadian%20Politics,0,0,0,0,0,0,0,0,0,0
B9C8D594,Tully,0,0,0,0,0,3,Diversitys%20Gambit%20Declined,0,0,0,0,0,0,0,0,0,0
583E5B21,Courtney,0,0,0,0,0,3,Do%20Conventions%20Matter?,0,0,0,0,0,0,0,0,0,0
6636FEBB,McDougall,0,0,0,0,0,3,Drifting%20together:%20the%20political%20economy%20of%20Canada-US%20integration,0,0,0,0,0,0,0,0,0,0
1E2CFA23,Flanagan,0,0,0,0,0,3,Election%20Campaigns%20under%20Canadas%20Party%20Finance%20Laws,0,0,0,0,0,0,0,0,0,0
6AADA163,Massicotte,0,0,0,0,0,3,Electoral%20Reform%20in%20Canada,0,0,0,0,0,0,0,0,0,0
A158E0CE,Caul,Anderson,0,0,0,0,3,Electoral%20Supply%20and%20Voter%20Turnout,0,0,0,0,0,0,0,0,0,0
FAD70DBE,Panitch,0,0,0,0,0,3,Elites%2C%20Classes%20and%20Power%20in%20Canada,0,0,0,0,0,0,0,0,0,0
91E14055,Panitch,0,0,0,0,0,3,Elites%2C%20Classes%20and%20Power%20in%20Canada,0,0,0,0,0,0,0,0,0,0
BA0E9B53,Panitch,0,0,0,0,0,3,Elites%2C%20Classes%20and%20Power%20in%20Canada,0,0,0,0,0,0,0,0,0,0
023A8636,Panitch,0,0,0,0,0,3,Elites%2C%20Classes%20and%20Power%20in%20Canada,0,0,0,0,0,0,0,0,0,0
D8649F80,Al-Waqfi,Jain,0,0,0,0,3,Employment%20Conditions%20of%20Racial%20Minorities%20in%20Canada:%20How%20Bad%20is%20the%20Problem%20of%20Discrimination,0,0,0,0,0,0,0,0,0,0
E9F64FE1,Johnson,0,0,0,0,0,3,Equality%20or%20Independence,0,0,0,0,0,0,0,0,0,0
FF2B4B1B,Noel,0,0,0,0,0,3,Équilibres%20et%20déséquilibres%20dans%20le%20partage%20des%20ressources%20financières,0,0,0,0,0,0,0,0,0,0
39D309E7,Kymlicka,0,0,0,0,0,3,Equity%20and%20Community:%20The%20Charter%2C%20Interest%20Advocacy%20and%20Representation,0,0,0,0,0,0,0,0,0,0
8D596BFE,Cairns,0,0,0,0,0,3,Ethnicity%2C%20Political%20Science%2C%20and%20the%20Constitution,0,0,0,0,0,0,0,0,0,0
B33B60B0,Kymlicka,0,0,0,0,0,3,Ethnocultural%20Diversity%20in%20a%20Liberal%20State:%20Making%20Sense%20of%20the%20Canadian%20Model,0,0,0,0,0,0,0,0,0,0
0DDB272F,Black,0,0,0,0,0,3,Ethnoracial%20Minorities%20in%20the%2038th%20Parliament:%20Patterns%20of%20Change%20and%20Continuity,0,0,0,0,0,0,0,0,0,0
656DD812,Black,0,0,0,0,0,3,Ethnoracial%20Minorities%20in%20the%2038th%20Parliament:%20Patterns%20of%20Change%20and%20Continuity,0,0,0,0,0,0,0,0,0,0
A47146FD,Bernier,Bronsey,Howlett,0,0,0,3,Executive%20styles%20in%20Canada:%20cabinet%20structures%20and%20leadership%20practices%20in%20Canadian%20government,0,0,0,0,0,0,0,0,0,0
22C6822B,Howell,0,0,0,0,0,3,Executives%20-%20the%20American%20Presidency,0,0,0,0,0,0,0,0,0,0
2D43FAA8,Rhodes,0,0,0,0,0,3,Executives%20in%20Parliamentary%20Government,0,0,0,0,0,0,0,0,0,0
C4FFC6EC,Dion,0,0,0,0,0,3,Explaining%20Quebec%20Nationalism,0,0,0,0,0,0,0,0,0,0
1B07A274,Dion,0,0,0,0,0,3,Explaining%20Quebec%20Nationalism,0,0,0,0,0,0,0,0,0,0
0A094A61,Gidengil,Everitt,Blais,Fournier,Nevitte,0,3,Explaining%20the%20Modern%20Gender%20Gap,0,0,0,0,0,0,0,0,0,0
6FB964A7,Simeon,0,0,0,0,0,3,Federal%20Provincial%20Diplomacy:%20The%20Making%20of%20Recent%20Policy%20in%20Canada,0,0,0,0,0,0,0,0,0,0
C17CABD8,Harrison,0,0,0,0,0,3,Federalism%20and%20Climate%20Policy%20Innovation:%20A%20Critical%20Reassessment,0,0,0,0,0,0,0,0,0,0
0D07AB1B,Trudeau,0,0,0,0,0,3,Federalism%20and%20the%20French%20Canadians,0,0,0,0,0,0,0,0,0,0
25DB865F,Stevenson,0,0,0,0,0,3,Federalism%20and%20the%20Political%20Economy%20of%20the%20Canadian%20State,0,0,0,0,0,0,0,0,0,0
3DC1AE46,Stevenson,0,0,0,0,0,3,Federalism%20and%20the%20Political%20Economy%20of%20the%20Canadian%20State,0,0,0,0,0,0,0,0,0,0
3EBB3C0B,Stevenson,0,0,0,0,0,3,Federalism%20and%20the%20Political%20Economy%20of%20the%20Canadian%20State,0,0,0,0,0,0,0,0,0,0
20FA438D,Lajoie,0,0,0,0,0,3,Federalism%20in%20Canada:%20Provinces%20and%20Minorities%20-%20Same%20Fight%20,0,0,0,0,0,0,0,0,0,0
DD81B967,Trudeau,0,0,0,0,0,3,Federalism%2C%20Nationalism%20and%20Reason%20,0,0,0,0,0,0,0,0,0,0
B3CED37F,Luxton,0,0,0,0,0,3,Feminist%20Political%20Economy%20in%20Canada%20and%20the%20Politics%20of%20Social%20Reproduction,0,0,0,0,0,0,0,0,0,0
C98A1F72,Findlay,0,0,0,0,0,3,Feminist%20Struggles%20with%20the%20Canadian%20State,0,0,0,0,0,0,0,0,0,0
72DF6CEC,Findlay,0,0,0,0,0,3,Femocratic%20Administration:%20Gender%2C%20Governance%20and%20Demomcracy%20in%20Ontario,0,0,0,0,0,0,0,0,0,0
54F0A919,Albo,0,0,0,0,0,3,Fewer%20Illusions:%20Canadian%20Foreign%20Policy%20Since%202001,0,0,0,0,0,0,0,0,0,0
A5EBCE2E,Savoie,0,0,0,0,0,3,First%20Ministers%2C%20Cabinet%2C%20and%20the%20Public%20Service,0,0,0,0,0,0,0,0,0,0
1DB8200C,Stevenson,0,0,0,0,0,3,Fiscal%20Federalism%20and%20the%20Burden%20of%20History,0,0,0,0,0,0,0,0,0,0
0563F463,Mallory,0,0,0,0,0,3,Five%20Faces%20of%20Federalism,0,0,0,0,0,0,0,0,0,0
5361909,Mallory,0,0,0,0,0,3,Five%20Faces%20of%20Federalism,0,0,0,0,0,0,0,0,0,0
310CB3D7,Gagnon,0,0,0,0,0,3,Five%20Faces%20of%20Quebec:%20Shifting%20Small%20Worlds%20and%20Evolving%20Political%20Dynamics,0,0,0,0,0,0,0,0,0,0
7ADE18AC,Bakan,Stasiulis,0,0,0,0,3,Foreign%20Domestic%20Workers%20in%20Canada%20and%20the%20Social%20Boundaries%20of%20Citizenship,0,0,0,0,0,0,0,0,0,0
18912E5F,Papillon,0,0,0,0,0,3,Framing%20Self-Determination:%20The%20Politics%20of%20Indigenous%20Rights%20in%20Canada%20and%20the%20United%20States,0,0,0,0,0,0,0,0,0,0
CEEC48D4,Borrows,0,0,0,0,0,3,Freedom%20and%20Indigenous%20Constitutionalism%20,0,0,0,0,0,0,0,0,0,0
F006ABCB,Resnick,0,0,0,0,0,3,From%20Semi-Periphery%20to%20Perimeter%20of%20the%20Core:%20Canada%20in%20the%20Capitalist%20World%20Economy,0,0,0,0,0,0,0,0,0,0
35757B39,Albo,Yap,0,0,0,0,3,From%20the%20Tar%20Sands%20to%20Green%20Jobs?%20Work%20and%20Ecological%20Justice%20,0,0,0,0,0,0,0,0,0,0
E29A70C2,Poelzer,Coates,0,0,0,0,3,From%20Treaty%20Peoples%20to%20Treaty%20Nation:%20A%20Road%20Map%20for%20All%20Canadians,0,0,0,0,0,0,0,0,0,0
6566E7EC,Coulthard,0,0,0,0,0,3,From%20Wards%20of%20the%20State%20to%20Subjects%20of%20Recognition?:%20Marx%2C%20Indigenous%20People%2C%20and%20the%20Politics%20of%20Dispossession%20in%20Denendeh,0,0,0,0,0,0,0,0,0,0
78627BE6,Meadowcroft,0,0,0,0,0,3,From%20welfare%20state%20to%20ecostate?,0,0,0,0,0,0,0,0,0,0
F56334A6,Careless,0,0,0,0,0,3,Frontierism%20and%20Metropolitanism:%20Concepts%20Revisited%20,0,0,0,0,0,0,0,0,0,0
91817CA2,Panitch,0,0,0,0,0,3,Globalization%20and%20the%20State,0,0,0,0,0,0,0,0,0,0
5182228F,Kelly,0,0,0,0,0,3,Governing%20with%20the%20Charter,0,0,0,0,0,0,0,0,0,0
60499804,Murray,0,0,0,0,0,3,Governmentality%20and%20the%20shifting%20winds%20of%20policy%20studies”,0,0,0,0,0,0,0,0,0,0
D7648B04,Koop,0,0,0,0,0,3,Grassroots%20Liberals:%20Organizing%20for%20Local%20and%20National%20Politics.%20,0,0,0,0,0,0,0,0,0,0
237DEEF5,Hudon,0,0,0,0,0,3,Groupes%20dintérêt%20et%20démocratie%20:%20promesses%20et%20réalité,0,0,0,0,0,0,0,0,0,0
739729BD,Sharaput,0,0,0,0,0,3,Harper%20Government%20Industrial%20Strategy%20and%20Industrial%20Policy%20in%20the%20Economic%20Crisis,0,0,0,0,0,0,0,0,0,0
8BAE8F5C,Orsini,0,0,0,0,0,3,Health%20Social%20Movements:%20the%20Next%20Wave%20in%20Contentious%20Politics%20,0,0,0,0,0,0,0,0,0,0
F8A03367,Lee,Cardinal,0,0,0,0,3,Hegemonic%20Nationalism%20and%20the%20Politics%20of%20Feminism%20and%20Multiculturalism%20in%20Canada,0,0,0,0,0,0,0,0,0,0
6473E0CE,Galabuzi,0,0,0,0,0,3,Hegemonies%2C%20Continuities%2C%20and%20Discontinuities%20of%20multiculturalism%20and%20the%20Anglo-Franco%20Conformity%20Order,0,0,0,0,0,0,0,0,0,0
14C30C21,Britton,0,0,0,0,0,3,High-Tech%20Canada,0,0,0,0,0,0,0,0,0,0
E9BE0ABA,Truth%20and%20Reconciliation%20Commission%20of%20Canada,0,0,0,0,0,4,Honouring%20the%20Truth%2C%20Reconciling%20the%20Future:%20Summary%20of%20the%20Final%20Report%20of%20the%20Truth%20and%20Reconciliation%20Commission%20of%20Canada,0,0,0,0,0,0,0,0,0,0
2B0FC51F,Haddow,0,0,0,0,0,3,How%20Can%20Comparative%20Political%20Economy%20Explain%20Variable%20Change?%20Lessons%20for%2C%20and%20from%2C%20Canada,0,0,0,0,0,0,0,0,0,0
585F0D66,Thelen,0,0,0,0,0,3,How%20Institutions%20Evolve:%20%20Insights%20from%20Comparative%20Historical%20Analysis,0,0,0,0,0,0,0,0,0,0
DF19F786,Abella,0,0,0,0,0,3,Ideas%20in%20Action%2C%20Essays%20on%20Politics%20and%20Law%20in%20Honour%20of%20Peter%20Russell,0,0,0,0,0,0,0,0,0,0
8D54BAE9,Eisenberg,Kymlicka,0,0,0,0,3,Identity%20Politics%20in%20the%20Public%20Realm:%20Bringing%20Institutions%20Back%20In,0,0,0,0,0,0,0,0,0,0
6072C068,Eisenberg,0,0,0,0,0,3,Identity%2C%20multiculturalism%2C%20and%20religious%20arbitration:%20the%20debate%20over%20sharia%20law%20in%20Canada,0,0,0,0,0,0,0,0,0,0
EA36AAA8,Whitaker,0,0,0,0,0,3,Images%20of%20the%20State%20of%20Canada,0,0,0,0,0,0,0,0,0,0
0E03984E,Labelle,Salee,0,0,0,0,3,Immigrant%20and%20Minority%20Representation%20of%20Citizenship%20in%20Quebec,0,0,0,0,0,0,0,0,0,0
3B97F76B,Marwah,Triadafilopoulos,White,0,0,0,3,Immigration%2C%20Citizenship%2C%20and%20Canadas%20New%20Conservative%20Party,0,0,0,0,0,0,0,0,0,0
B7A3836F,Marwah,Triadafilopoulos,White,0,0,0,3,Immigration%2C%20Citizenship%2C%20and%20Canadas%20New%20Conservative%20Party,0,0,0,0,0,0,0,0,0,0
1C294989,Labelle,Rocher,0,0,0,0,3,Immigration%2C%20Integration%20and%20Citizenship%20Policies%20in%20Canada%20and%20Quebec:%20The%20Tug%20of%20War%20Between%20Competing%20Societal%20Projects,0,0,0,0,0,0,0,0,0,0
4A4617C0,Judicial%20Committee%20of%20the%20Privy%20Council,0,0,0,0,0,4,In%20Re%20The%20Initiative%20and%20Referendum%20Acts%20[1919]%20A.C.%20935,0,0,0,0,0,0,0,0,0,0
752F10ED,Salee,0,0,0,0,0,3,Innis%20and%20Quebec:%20The%20Paradigm%20that%20Would%20Not%20Be,0,0,0,0,0,0,0,0,0,0
45B8FAA0,Resnick,Kernerman,Cairns,0,0,0,3,Insiders%20and%20Outsiders,0,0,0,0,0,0,0,0,0,0
23486D5D,Smith,0,0,0,0,0,3,Institutionalism%20in%20the%20Study%20of%20Canadian%20Politics:%20The%20English-Canadian%20Tradition,0,0,0,0,0,0,0,0,0,0
D71E4FB4,Smith,0,0,0,0,0,3,Institutionalism%20in%20the%20Study%20of%20Canadian%20Politics:%20The%20English-Canadian%20Tradition,0,0,0,0,0,0,0,0,0,0
DC4A8175,Smith,0,0,0,0,0,3,Institutionalism%20in%20the%20Study%20of%20Canadian%20Politics:%20The%20English-Canadian%20Tradition,0,0,0,0,0,0,0,0,0,0
2E86AAF4,Masson,0,0,0,0,0,3,Institutionalization%2C%20State%20Funding%20and%20advocacy%20in%20the%20Quebec%20Womens%20Movement,0,0,0,0,0,0,0,0,0,0
C3539B23,Hein,0,0,0,0,0,3,Interest%20Group%20Litigation%20and%20Canadian%20Democracy,0,0,0,0,0,0,0,0,0,0
DE9FF808,Turgeon,0,0,0,0,0,3,Interpréter%20les%20parcours%20historiques%20du%20Québec%20:%20entre%20la%20société%20globale%20et%20lespace%20régional,0,0,0,0,0,0,0,0,0,0
7838773,Turgeon,0,0,0,0,0,3,Interpreting%20Quebecs%20Historical%20Trajectories:%20Between%20La%20Societe%20Globale%20and%20Regional%20Space%20,0,0,0,0,0,0,0,0,0,0
34E66832,Turgeon,0,0,0,0,0,3,Interpreting%20Quebecs%20Historical%20Trajectories:%20Between%20La%20Societe%20Globale%20and%20Regional%20Space%20,0,0,0,0,0,0,0,0,0,0
734A1FCA,Mendelsohn,Parkin,0,0,0,0,3,Introducing%20Direct%20Democracy%20in%20Canada,0,0,0,0,0,0,0,0,0,0
62E329BD,Leacock,0,0,0,0,0,3,Introduction,0,0,0,0,0,0,0,0,0,0
AE1812A0,Magnusson,0,0,0,0,0,3,Introduction,0,0,0,0,0,0,0,0,0,0
E62250AB,Tanner,0,0,0,0,0,3,Introduction:%20Canadian%20Indians%20and%20the%20Politics%20of%20Dependency,0,0,0,0,0,0,0,0,0,0
32C59BF6,Goldring,Krishnamurti,0,0,0,0,3,Introduction:%20Contextualizing%20Transnationalism%20in%20Canada,0,0,0,0,0,0,0,0,0,0
3A66894F,Drache,Clement,0,0,0,0,3,Introduction:%20The%20Coming%20of%20Age%20of%20Canadian%20Political%20Economy,0,0,0,0,0,0,0,0,0,0
4C527ACC,Smith,0,0,0,0,0,3,Introduction:%20Theories%20of%20Group%20and%20Movement%20Organizing,0,0,0,0,0,0,0,0,0,0
2843541A,Clement,0,0,0,0,0,3,Introduction:%20Wither%20the%20New%20Canadian%20Political%20Economy?,0,0,0,0,0,0,0,0,0,0
1134A18C,Clement,0,0,0,0,0,3,Introduction:%20Wither%20the%20New%20Canadian%20Political%20Economy?,0,0,0,0,0,0,0,0,0,0
A4A45315,Robinson,0,0,0,0,0,3,Is%20Canadian%20Multiculturalism%20Parochial?%20Canadian%20Contributions%20to%20Theorizing%20Justice%20and%20Ethnocultural%20Diversity,0,0,0,0,0,0,0,0,0,0
36EF8A5C,Noel,0,0,0,0,0,3,Is%20Decentralization%20Conservative?%20Federalism%20and%20the%20Contemporary%20Debate%20on%20the%20Future%20of%20the%20Welfare%20State,0,0,0,0,0,0,0,0,0,0
E98CD1ED,Papillon,0,0,0,0,0,3,Is%20the%20Secret%20to%20Have%20a%20Good%20Dentist?%20Canadian%20Contributions%20to%20the%20Study%20of%20Federalism%20in%20Divided%20Societies,0,0,0,0,0,0,0,0,0,0
57B0C9C5,Manfredi,0,0,0,0,0,3,Judges%20as%20Rational%20Actors:%20Strategic%20Behaviour%20and%20the%20Emergence%20of%20Judicial%20Supremacy%20in%20Canada,0,0,0,0,0,0,0,0,0,0
D5855388,Bazowski,0,0,0,0,0,3,Judicial%20Politics%20in%20the%20Age%20of%20the%20Charter%20(Chapter%2010),0,0,0,0,0,0,0,0,0,0
5E613CC4,Abu-Laban,0,0,0,0,0,3,Keeping%20em%20Out:%20Gender%2C%20Race%20and%20Class%20Biases%20in%20Canadian%20Immigration%20Policy,0,0,0,0,0,0,0,0,0,0
1206554,Rocher,Labelle,0,0,0,0,3,L%20interculturalisme%20comme%20modèle%20daménagement%20de%20la%20diversité%20:%20compréhension%20et%20incompréhension%20dans%20lespace%20public%20québécois,0,0,0,0,0,0,0,0,0,0
6C7CBB92,Karmis,Koji,0,0,0,0,3,Linstrumentalisme%20néolibéral%20et%20lhospitalité%20coloniale%20:%20une%20critique%20de%20la%20politique%20canadienne%20de%20sélection%20des%20immigrants,0,0,0,0,0,0,0,0,0,0
EBEC235B,Verrelli,0,0,0,0,0,3,Lombre%20de%20la%20Charte%20canadienne%20des%20droits%20et%20libertés,0,0,0,0,0,0,0,0,0,0
02EB9538,Verrelli,0,0,0,0,0,3,Lombre%20de%20la%20Charte%20canadienne%20des%20droits%20et%20libertés,0,0,0,0,0,0,0,0,0,0
C7ABD727,Bastien,0,0,0,0,0,3,La%20bataille%20de%20Londres,0,0,0,0,0,0,0,0,0,0
063DB19D,Mandel,0,0,0,0,0,3,La%20Charte%20des%20droits%20et%20libertés%20et%20la%20judiciarisation%20du%20politique%20au%20Canada,0,0,0,0,0,0,0,0,0,0
77162CEE,Rocher,0,0,0,0,0,3,La%20dynamique%20Québec-Canada%20ou%20le%20refus%20de%20lidéal%20fédéral,0,0,0,0,0,0,0,0,0,0
D0ABA049,Brouillet,0,0,0,0,0,3,"La%20négation%20de%20la%20nation,",0,0,0,0,0,0,0,0,0,0
55C42303,Government%20of%20Canada,0,0,0,0,0,4,La%20politique%20indienne%20du%20gouvernement%20du%20Canada%20(1969),0,0,0,0,0,0,0,0,0,0
405BD613,Bickerton,0,0,0,0,0,3,La%20question%20du%20nationalisme%20majoritaire%20au%20Canada,0,0,0,0,0,0,0,0,0,0
7D736035,Bickerton,0,0,0,0,0,3,La%20question%20du%20nationalisme%20majoritaire%20au%20Canada,0,0,0,0,0,0,0,0,0,0
2EE56E25,Borrows,0,0,0,0,0,3,Landed%20Citizenship:%20Narrative%20of%20Aboriginal%20Political%20Participation,0,0,0,0,0,0,0,0,0,0
D2094FAB,Songer,0,0,0,0,0,3,Law%2C%20Ideology%20and%20Collegiality:%20Judicial%20Behaviour%20in%20the%20Supreme%20Court%20of%20Canada%20,0,0,0,0,0,0,0,0,0,0
4369076B,Laforest,Caron,Vallieres-Rolland,0,0,0,3,Le%20déficit%20fédératif%20au%20Canada,0,0,0,0,0,0,0,0,0,0
B9CFDE91,Lamontagne,0,0,0,0,0,3,Le%20fédéralisme%20canadien,0,0,0,0,0,0,0,0,0,0
302D7090,Bernard,0,0,0,0,0,3,Le%20fédéralisme%20dans%20les%20pays%20multinationaux%20:%20avantages%20et,0,0,0,0,0,0,0,0,0,0
DD76F616,Pelletier,Tremblay,0,0,0,0,3,Le%20parlementarisme%20canadien%2C%206e%20édition,0,0,0,0,0,0,0,0,0,0
79DAD419,Pelletier,Tremblay,0,0,0,0,3,Le%20parlementarisme%20canadien%2C%206e%20édition,0,0,0,0,0,0,0,0,0,0
0A8D0B2F,Bernard,Desrosiers,0,0,0,0,3,Le%20Québec%20et%20le,0,0,0,0,0,0,0,0,0,0
F59FBB49,Noel,0,0,0,0,0,3,Leaders%20Entourages%2C%20Parties%2C%20Patronage,0,0,0,0,0,0,0,0,0,0
B699BB26,Cochrane,0,0,0,0,0,3,Left%20and%20Right:%20The%20Small%20World%20of%20Political%20Ideas,0,0,0,0,0,0,0,0,0,0
72AB38EA,Petter,0,0,0,0,0,3,Legalise%20This:%20The%20Chartering%20of%20Canadian%20Politics,0,0,0,0,0,0,0,0,0,0
23BE9A65,Kelly,0,0,0,0,0,3,Legislative%20Activism%20and%20Parliamentary%20Bills%20of%20Rights:%20Institutional%20Lessons%20for%20Canada,0,0,0,0,0,0,0,0,0,0
8B1CFFC1,Woehrling,0,0,0,0,0,3,Les%20conséquences%20de%20lapplication%20de%20la%20Charte%20canadienne%20des,0,0,0,0,0,0,0,0,0,0
8C6072B5,Woehrling,0,0,0,0,0,3,Les%20conséquences%20de%20lapplication%20de%20la%20Charte%20canadienne%20des%20droits%20et%20libertés%20pour%20la%20vie%20politique%20et%20démocratique%20et%20léquilibre%20du%20système%20fédéral,0,0,0,0,0,0,0,0,0,0
290100DC,Woehrling,0,0,0,0,0,3,Les%20conséquences%20de%20lapplication%20de%20la%20Charte%20canadienne%20des%20droits%20et%20libertés%20pour%20la%20vie%20politique%20et%20démocratique%20et%20léquilibre%20du%20système%20fédéral,0,0,0,0,0,0,0,0,0,0
6EB6C292,Morin,Woehrling,0,0,0,0,3,Les%20constitutions%20du%20Canada%20et%20du,0,0,0,0,0,0,0,0,0,0
CB61E6F2,Kelly,0,0,0,0,0,3,Les%20fins%20du%20Canada,0,0,0,0,0,0,0,0,0,0
CDC01AEC,Godbout,0,0,0,0,0,3,Les%20institutions%20parlementaires,0,0,0,0,0,0,0,0,0,0
C7C23B40,Montpetit,0,0,0,0,0,3,Les%20réseaux%20néocorporatistes%20québécois%20à%20lépreuve%20du%20fédéralisme%20canadien%20et%20de%20linternationalisation,0,0,0,0,0,0,0,0,0,0
6821B4E4,Papillon,Lord,0,0,0,0,3,Les%20traités%20modernes:%20vers%20une%20nouvelle%20relation?,0,0,0,0,0,0,0,0,0,0
BE06FF10,Smith,0,0,0,0,0,3,Lesbian%20and%20Gay%20Rights%20in%20Canada,0,0,0,0,0,0,0,0,0,0
2B33D1C8,Ajzenstat,Smith,0,0,0,0,3,Liberal-Republicanism:%20The%20Revisionist%20Picture%20of%20Canadas%20Founding,0,0,0,0,0,0,0,0,0,0
C498FCC4,Razack,0,0,0,0,0,3,Looking%20White%20People%20in%20the%20Eye:%20Gender%2C%20Race%2C%20and%20Culture%20in%20Courtrooms%20and%20Classrooms,0,0,0,0,0,0,0,0,0,0
16BEBF1C,Lord%20Durham,0,0,0,0,0,4,Lord%20Durhams%20Report%20on%20the%20Affairs%20of%20British%20North%20America,0,0,0,0,0,0,0,0,0,0
9B58A22A,Anderson,Blidook,Hilderman,Loat,0,0,4,Lost%20in%20Translation%20or%20Just%20Lost?%20Canadians%20Priorities%20and%20the%20House%20of%20Commons,0,0,0,0,0,0,0,0,0,0
FD275B61,Green,0,0,0,0,0,3,Making%20Space%20for%20Indigenous%20Feminism,0,0,0,0,0,0,0,0,0,0
1C9DBCA1,Stewart,Carty,0,0,0,0,3,Many%20Political%20Worlds?%20Provincial%20Parties%20and%20Party%20Systems,0,0,0,0,0,0,0,0,0,0
AA6079A2,Brown,0,0,0,0,0,3,Market%20Rules:%20Economic%20Union%20Reform%20and%20Intergovernmental%20Policy-Making%20in%20Canada%20,0,0,0,0,0,0,0,0,0,0
BBD1539E,Kymlicka,0,0,0,0,0,3,Marketing%20Canadian%20Pluralism%20in%20the%20International%20Arena,0,0,0,0,0,0,0,0,0,0
5E37B6A5,Soroka,Lawlor,Farnsworth,Young,0,0,3,Mass%20Media%20and%20Policymaking,0,0,0,0,0,0,0,0,0,0
4DB22142,Choudhry,0,0,0,0,0,3,Migration%20as%20a%20new%20metaphor%20in%20comparative%20constitutional%20law,0,0,0,0,0,0,0,0,0,0
C264C5CB,Elliot,0,0,0,0,0,3,Morton%20and%20Knopffs%20The%20Charter%20Revolution%20and%20the%20Court%20Party:%20A%20Legal%20Critique,0,0,0,0,0,0,0,0,0,0
FC81FD29,Docherty,0,0,0,0,0,3,Mr.%20Smith%20Goes%20to%20Ottawa:%20Life%20in%20the%20House%20of%20Commons,0,0,0,0,0,0,0,0,0,0
83008E3D,Docherty,0,0,0,0,0,3,Mr.%20Smith%20Goes%20to%20Ottawa:%20Life%20in%20the%20House%20of%20Commons,0,0,0,0,0,0,0,0,0,0
08C80017,Gattinger,0,0,0,0,0,3,Multi-level%20Energy%20Regulatory%20Governance%20in%20the%20Canadian%20Federation:%20Institutions%2C%20Regimes%20and%20Coordination,0,0,0,0,0,0,0,0,0,0
DFBFE554,Breton,0,0,0,0,0,3,Multiculturalism%20and%20Canadian%20Nation-Building,0,0,0,0,0,0,0,0,0,0
6D2C3957,Taylor,0,0,0,0,0,3,Multiculturalism%20and%20the%20Politics%20of%20Recognition,0,0,0,0,0,0,0,0,0,0
349FCBF0,Reitz,0,0,0,0,0,3,Multiculturalism%20Policies%20and%20Popular%20Multiculturalism%20in%20the%20Development%20of%20Canadian%20Immigration,0,0,0,0,0,0,0,0,0,0
3C71FB32,Pammett,0,0,0,0,0,3,Multilevel%20Governance%20and%20Participation%20in%20Canada,0,0,0,0,0,0,0,0,0,0
2E7F3288,Gagnon,Tully,0,0,0,0,3,Multinational%20Democracies,0,0,0,0,0,0,0,0,0,0
117F1A94,Good,0,0,0,0,0,3,Municipal%20Political%20Parties:%20An%20Answer%20to%20Urbanization%20or%20an%20Affront%20to%20Traditions%20of%20Local%20Democracy?,0,0,0,0,0,0,0,0,0,0
CD04DE7A,Gabriel,Macdonald%20L.,0,0,0,0,3,NAFTA%20and%20Economic%20Restructuring:%20Some%20Gender%20and%20Race%20Implications,0,0,0,0,0,0,0,0,0,0
FA272A64,Dufour,Traisnel,0,0,0,0,3,Nationalism%20and%20Protest:%20The%20Sovereignty%20Movement%20in%20Quebec,0,0,0,0,0,0,0,0,0,0
E2D0E402,Beland,Lecours,0,0,0,0,3,Nationalism%20and%20Social%20Policy.%20The%20Politics%20of%20Territorial%20Solidarity,0,0,0,0,0,0,0,0,0,0
2A86EA9A,Beland,Lecours,0,0,0,0,3,Nationalism%20and%20Social%20Policy.%20The%20Politics%20of%20Territorial%20Solidarity,0,0,0,0,0,0,0,0,0,0
0B14B276,Dieckhoff,0,0,0,0,0,3,Nationalisme%20politique%20contre%20nationalisme%20culturel,0,0,0,0,0,0,0,0,0,0
C3D47567,Alcantara,0,0,0,0,0,3,Negotiating%20the%20Deal:%20Aboriginal%20Land%20Claims%20in%20Canada,0,0,0,0,0,0,0,0,0,0
F6A6A097,Cardinal,0,0,0,0,0,3,New%20Institutionalism%20and%20Political%20Science%20in%20Quebec,0,0,0,0,0,0,0,0,0,0
4ADD856E,Cardinal,0,0,0,0,0,3,New%20Institutionalism%20and%20Political%20Science%20in%20Quebec,0,0,0,0,0,0,0,0,0,0
5CC2B1F9,Cardinal,0,0,0,0,0,3,New%20Institutionalism%20and%20Political%20Science%20in%20Quebec,0,0,0,0,0,0,0,0,0,0
1B34D340,Cardinal,0,0,0,0,0,3,New%20Institutionalism%20and%20Political%20Science%20in%20Quebec,0,0,0,0,0,0,0,0,0,0
9A54981D,Rocher,Smith,0,0,0,0,3,New%20Trends%20in%20Canadian%20Federalism,0,0,0,0,0,0,0,0,0,0
27850BF4,Lazar,0,0,0,0,0,3,Non-Constitutional%20Renewal:%20Towards%20a%20New%20Equilibrium%20in%20the%20Federation,0,0,0,0,0,0,0,0,0,0
2C3CC850,Lazar,0,0,0,0,0,3,Non-Constitutional%20Renewal:%20Towards%20a%20New%20Equilibrium%20in%20the%20Federation,0,0,0,0,0,0,0,0,0,0
E71AD23F,Lazar,0,0,0,0,0,3,Non-Constitutional%20Renewal:%20Towards%20a%20New%20Equilibrium%20in%20the%20Federation,0,0,0,0,0,0,0,0,0,0
0755A0EE,Berger,0,0,0,0,0,4,Northern%20Frontier/Northern%20Homeland:%20The%20Report%20of%20the%20Mackenzie%20Valley%20Pipelines%20Inquiry:%20Vol.%201.,0,0,0,0,0,0,0,0,0,0
37A65659,Baker,0,0,0,0,0,3,Not%20Quite%20Supreme.%20The%20Courts%20and%20Coordinate%20Constitutional%20Interpretation,0,0,0,0,0,0,0,0,0,0
DDB95DEC,Henderson,0,0,0,0,0,3,Nunavut:%20Rethinking%20Political%20Culture,0,0,0,0,0,0,0,0,0,0
406B22E2,Orsini,0,0,0,0,0,3,Of%20Pots%20and%20Pans%20and%20Radical%20Handmainds:%20Social%20Movements%20and%20Civil%20Society,0,0,0,0,0,0,0,0,0,0
E9AA2E4E,Orsini,0,0,0,0,0,3,Of%20Pots%20and%20Pans%20and%20Radical%20Handmainds:%20Social%20Movements%20and%20Civil%20Society,0,0,0,0,0,0,0,0,0,0
36B0A69D,Stilbom,0,0,0,0,0,3,Officers%20of%20Parliament,0,0,0,0,0,0,0,0,0,0
903A2BCC,Seymour,0,0,0,0,0,3,On%20Not%20Finding%20Our%20Way:%20The%20Illusory%20Reform%20of%20the%20Canadian%20Federation,0,0,0,0,0,0,0,0,0,0
2415B598,Flanagan,0,0,0,0,0,3,Only%20Voters%20Have%20the%20Right%20to%20Decide%20on%20the%20Coalition,0,0,0,0,0,0,0,0,0,0
15F5CC7A,Stephenson,Tanguay,0,0,0,0,4,Ontarios%20Referendum%20on%20Proportional%20Representation:%20,0,0,0,0,0,0,0,0,0,0
E467699C,Supreme%20Court%20of%20Canada,0,0,0,0,0,4,Operation%20Dismantle%20v.%20The%20Queen,0,0,0,0,0,0,0,0,0,0
6E9C1D3D,Graefe,Simmons,White,0,0,0,3,Overpromising%20and%20Underperforming?%20Understanding%20and%20Evaluating%20New%20Intergovernmental%20Accountability%20Regimes,0,0,0,0,0,0,0,0,0,0
DF8BF742,Laver,0,0,0,0,0,3,Overview:%20Legislatures%20and%20Parliaments%20in%20Comparative%20Context,0,0,0,0,0,0,0,0,0,0
B85BF2BC,Ruff,0,0,0,0,0,3,Pacific%20Perspectives%20on%20the%20Canadian%20Confederation:%20British%20Columbias%20Shadows%20and%20Symbols,0,0,0,0,0,0,0,0,0,0
81581816,McBride,0,0,0,0,0,3,Paradigm%20Shift:%20Globalization%20and%20the%20Canadian%20State,0,0,0,0,0,0,0,0,0,0
3245910,McBride,0,0,0,0,0,3,Paradigm%20Shift:%20Globalization%20and%20the%20Canadian%20State,0,0,0,0,0,0,0,0,0,0
D622837E,Thomas,0,0,0,0,0,3,Parliament%20and%20Legislatures:%20Central%20to%20Canadian%20Democracy?,0,0,0,0,0,0,0,0,0,0
0D151E1E,Atkinson,Docherty,0,0,0,0,3,Parliament%20and%20Political%20Success%20in%20Canada,0,0,0,0,0,0,0,0,0,0
EDF86C1A,Massicotte,0,0,0,0,0,3,Parliament%20in%20the%201990s,0,0,0,0,0,0,0,0,0,0
5408DD9B,Docherty,0,0,0,0,0,3,Parliament:%20Making%20the%20Case%20for%20Relevance%20(Chapter%208),0,0,0,0,0,0,0,0,0,0
7E6C41C1,Koop,Bittner,0,0,0,0,3,Parties%20and%20Elections%20after%202011:%20The%20Fifth%20Canadian%20Party%20System?,0,0,0,0,0,0,0,0,0,0
CBA1FAC4,Belanger,Stephenson,0,0,0,0,3,Parties%20and%20partisans:%20the%20influence%20of%20ideology%20and%20brokerage%20on%20the%20durability%20of%20partisanship%20in%20Canada,0,0,0,0,0,0,0,0,0,0
BCF16637,Smith,0,0,0,0,0,3,Party%20Government%20in%20Canada,0,0,0,0,0,0,0,0,0,0
FB0E00C7,Smith,0,0,0,0,0,3,Party%20Government%20in%20Canada,0,0,0,0,0,0,0,0,0,0
E9C739E8,Siegfried,0,0,0,0,0,3,Party%20Politics%20in%20Canada,0,0,0,0,0,0,0,0,0,0
2DF1DDB4,Turpel,0,0,0,0,0,3,Patriarchy%20and%20Paternalism,0,0,0,0,0,0,0,0,0,0
EF856723,Prince,Abele,0,0,0,0,3,Paying%20for%20Self-Determination:%20Aboriginal%20Peoples%2C%20Self-Government%20and%20Fiscal%20Relations%20in%20Canada,0,0,0,0,0,0,0,0,0,0
2C699577,Archer,0,0,0,0,0,3,Pension%20Funds%20as%20Owners%20and%20Financial%20Intermediaries:%20A%20Review%20of%20Recent%20Canadian%20Experience,0,0,0,0,0,0,0,0,0,0
B4ACB284,Royal%20Commission%20on%20Aboriginal%20Peoples,0,0,0,0,0,3,People%20to%20People%2C%20Nation%20to%20Nation,0,0,0,0,0,0,0,0,0,0
4E11134C,Royal%20Commission%20on%20Aboriginal%20Peoples,0,0,0,0,0,3,People%20to%20People%2C%20Nation%20to%20Nation,0,0,0,0,0,0,0,0,0,0
0DED6B16,Karmis,0,0,0,0,0,3,Pluralism%20and%20National%20Identity(ies)%20in%20Quebec:%20Conceptual%20Clarifications%2C%20Typology%20and%20Discourse%20Analysis,0,0,0,0,0,0,0,0,0,0
D2741C69,Skogstad,0,0,0,0,0,3,Policy%20Networks%20and%20Policy%20Communities:%20Conceptualizing%20State-Societal%20Relations%20in%20the%20Policy%20Process,0,0,0,0,0,0,0,0,0,0
08D487C5,Skogstad,0,0,0,0,0,3,Policy%20Networks%20and%20Policy%20Communities:%20Conceptualizing%20State-Societal%20Relations%20in%20the%20Policy%20Process,0,0,0,0,0,0,0,0,0,0
1F4D2721,Skogstad,0,0,0,0,0,3,Policy%20Networks%20and%20Policy%20Communities:%20Conceptualizing%20State-Societal%20Relations%20in%20the%20Policy%20Process,0,0,0,0,0,0,0,0,0,0
C7E410D3,Gibbins,0,0,0,0,0,3,Political%20Action%20on%20Stage%20West,0,0,0,0,0,0,0,0,0,0
52E472EC,Marland,0,0,0,0,0,3,Political%20Communication%20in%20Canada:%20Strategies%20and%20Tactics%20(Chapter%2014),0,0,0,0,0,0,0,0,0,0
83A81A4D,Harell,Dechatelets,0,0,0,0,3,Political%20Culture(s)%20in%20Canada:%20Orientations%20to%20Politics%20in%20a%20Pluralist%2C%20Multicultural%20Federation%20(Chapter%2011),0,0,0,0,0,0,0,0,0,0
5B80FDC3,Harell,Dechatelets,0,0,0,0,3,Political%20Culture(s)%20in%20Canada:%20Orientations%20to%20Politics%20in%20a%20Pluralist%2C%20Multicultural%20Federation%20(Chapter%2011),0,0,0,0,0,0,0,0,0,0
B64C750C,Kanji,0,0,0,0,0,3,Political%20Discontent%2C%20Human%20Capital%20and%20Representative%20Governance%20in%20Canada,0,0,0,0,0,0,0,0,0,0
7506B7B6,Graefe,0,0,0,0,0,3,Political%20Economy%20and%20Canadian%20Public%20Policy,0,0,0,0,0,0,0,0,0,0
AE8A95E6,Graefe,0,0,0,0,0,3,Political%20Economy%20and%20Canadian%20Public%20Policy,0,0,0,0,0,0,0,0,0,0
391816D8,Graefe,0,0,0,0,0,3,Political%20Economy%20and%20Canadian%20Public%20Policy,0,0,0,0,0,0,0,0,0,0
B6800356,MacDermid,0,0,0,0,0,3,Political%20Funding%20Regimes%20and%20Political%20Communications,0,0,0,0,0,0,0,0,0,0
8C07E0A2,Bazowski,0,0,0,0,0,3,Political%20Ideologies%20in%20Canada:%20Whats%20Left?%20Whats%20Right?,0,0,0,0,0,0,0,0,0,0
2E444C53,Sharman,0,0,0,0,0,4,Political%20Legitimacy%20for%20an%20Appointed%20Senate,0,0,0,0,0,0,0,0,0,0
C39DEF83,Blakeney,Borins,0,0,0,0,3,Political%20Management%20in%20Canada%20,0,0,0,0,0,0,0,0,0,0
7FF604A0,Johnston,0,0,0,0,0,3,Political%20Parties%20and%20the%20Electoral%20System,0,0,0,0,0,0,0,0,0,0
B0345704,Johnston,0,0,0,0,0,3,Political%20Parties%20and%20the%20Electoral%20System,0,0,0,0,0,0,0,0,0,0
FDB2AEE6,Johnston,0,0,0,0,0,3,Political%20Parties%20and%20the%20Electoral%20System,0,0,0,0,0,0,0,0,0,0
DDA10248,Johnston,0,0,0,0,0,3,Political%20Parties%20and%20the%20Electoral%20System,0,0,0,0,0,0,0,0,0,0
6AA5970D,Johnston,0,0,0,0,0,3,Political%20Parties%20and%20the%20Electoral%20System,0,0,0,0,0,0,0,0,0,0
337C9264,Johnston,0,0,0,0,0,3,Political%20Parties%20and%20the%20Electoral%20System,0,0,0,0,0,0,0,0,0,0
344AC1E2,Carty,Cross,0,0,0,0,3,Political%20Parties%20and%20the%20Practice%20of%20Brokerage%20Politics,0,0,0,0,0,0,0,0,0,0
E252EBFE,Carty,Cross,0,0,0,0,3,Political%20Parties%20and%20the%20Practice%20of%20Brokerage%20Politics,0,0,0,0,0,0,0,0,0,0
BE75AD7A,McKeen,Porter,0,0,0,0,3,Politics%20and%20Transformation:%20Welfare%20State%20Restructuring%20in%20Canada,0,0,0,0,0,0,0,0,0,0
DE97EA5B,McKeen,Porter,0,0,0,0,3,Politics%20and%20Transformation:%20Welfare%20State%20Restructuring%20in%20Canada,0,0,0,0,0,0,0,0,0,0
ACE22B41,Abu-Laban,Jhappan,Rocher,0,0,0,3,Politics%20in%20North%20America:%20Redefining%20Continental%20Relations%20,0,0,0,0,0,0,0,0,0,0
C700E25F,Carty,Eagles,0,0,0,0,3,Politics%20is%20Local:%20National%20Politics%20at%20the%20Grassroots,0,0,0,0,0,0,0,0,0,0
3DD617FE,Good,0,0,0,0,0,3,Politics%20of%20Public%20Money:%20Spenders%2C%20Guardians%2C%20Priority%20Setters%2C%20and%20Financial%20Watchdogs%20inside%20the%20Canadian%20Government,0,0,0,0,0,0,0,0,0,0
E7D68877,Cameron,0,0,0,0,0,3,Post-Modern%20Ontario%20and%20The%20Laurentian%20Thesis,0,0,0,0,0,0,0,0,0,0
C85992F7,Savoie,0,0,0,0,0,3,Power%20at%20the%20Apex:%20Executive%20Dominance%20(Chapter%207),0,0,0,0,0,0,0,0,0,0
B25B1B5E,Flanagan,0,0,0,0,0,3,Premières%20nations?%20Seconds%20regards,0,0,0,0,0,0,0,0,0,0
8CB3E9B3,Haggard,McCubbins,0,0,0,0,3,Presidents%2C%20Parliaments%2C%20and%20Policy,0,0,0,0,0,0,0,0,0,0
83C8CA81,McBride,Whiteside%20H.,0,0,0,0,3,Private%20Affluence%2C%20Public%20Austerity:%20Economic%20Crisis%20Democratic%20Malaise%20in%20Canada,0,0,0,0,0,0,0,0,0,0
C875557C,Forsey,Forsey,0,0,0,0,3,Prorogation%20Revisited:%20Eugene%20Forsey%20on%20Parliament%20and%20the%20Governor%20General,0,0,0,0,0,0,0,0,0,0
C8D6E739,Skocpol,0,0,0,0,0,3,Protecting%20Soldiers%20and%20Mothers:%20%20The%20Political%20Origins%20of%20Social%20Policy%20in%20the%20United%20States.%20,0,0,0,0,0,0,0,0,0,0
C7075A80,Soroka,Wlezien,0,0,0,0,3,Public%20Opinion%20and%20Public%20Policy%20,0,0,0,0,0,0,0,0,0,0
031AD84E,Brodie,0,0,0,0,0,3,Putting%20Gender%20Back%20In:%20Women%20and%20Social%20Policy%20Reform%20in%20Canada,0,0,0,0,0,0,0,0,0,0
1AA99673,Kymlicka,0,0,0,0,0,3,Putting%20Multiculturalism%20into%20Perspective,0,0,0,0,0,0,0,0,0,0
EFF1A35A,Noel,0,0,0,0,0,3,Quebec,0,0,0,0,0,0,0,0,0,0
2947BC1D,Gagnon,0,0,0,0,0,3,Québec%20:%20État%20et%20société%2C%20Tome%20I,0,0,0,0,0,0,0,0,0,0
A4CBDD63,Gagnon,0,0,0,0,0,3,Québec%20:%20État%20et%20société%2C%20Tome%20II,0,0,0,0,0,0,0,0,0,0
58787840,Seymour,0,0,0,0,0,3,Quebec%20and%20Canada%20at%20the%20Crossroads:%20A%20Nation%20Within%20a%20Nation,0,0,0,0,0,0,0,0,0,0
B4D8A9D8,Seymour,0,0,0,0,0,3,Quebec%20and%20Canada%20at%20the%20Crossroads:%20A%20Nation%20Within%20a%20Nation,0,0,0,0,0,0,0,0,0,0
2B21D7E2,Whitaker,0,0,0,0,0,3,Quebec%20and%20the%20Canadian%20Question%20,0,0,0,0,0,0,0,0,0,0
5DC4BC62,Graefe,0,0,0,0,0,3,Quebec%20Labour:%20Days%20of%20Glory%20or%20the%20Same%20Old%20Story,0,0,0,0,0,0,0,0,0,0
AD04046E,Gagnon,0,0,0,0,0,3,Quebec:%20State%20and%20Society%2C%203%20ed,0,0,0,0,0,0,0,0,0,0
CAEDEC1C,Salee,0,0,0,0,0,3,Quebecs%20Changing%20Political%20Culture%20and%20the%20Future%20of%20Federal-Provincial%20Relations%20in%20Canada,0,0,0,0,0,0,0,0,0,0
F93D4718,Noel,0,0,0,0,0,3,Quebecs%20New%20Politics%20of%20Redistribution,0,0,0,0,0,0,0,0,0,0
786B712D,Borrows,0,0,0,0,0,3,Questioning%20Canadas%20Title%20to%20Land:%20The%20Rule%20of%20Law%2C%20Aboriginal%20Peoples%20and%20Colonialism,0,0,0,0,0,0,0,0,0,0
60509CD9,Rocher,Verreli,0,0,0,0,3,Questioning%20Constitutional%20Democracy%20in%20Canada,0,0,0,0,0,0,0,0,0,0
65313DBB,Rocher,Verreli,0,0,0,0,3,Questioning%20constitutional%20democracy%20in%20Canada:%20From%20the%20Canadian%20Supreme%20Court%20reference%20on%20Quebec%20secession%20to%20the%20Clarity%20Act,0,0,0,0,0,0,0,0,0,0
D7305E76,Supreme%20Court%20of%20Canada,0,0,0,0,0,4,R.%20v.%20Oakes%20[1986]%201%20S.%20C.%20R.%20103;%2026%20D.%20L.%20R.%20(4%20th%20)%20200,0,0,0,0,0,0,0,0,0,0
1653D2D9,Supreme%20Court%20of%20Canada,0,0,0,0,0,4,R.%20v.%20Oakes%20[1986]%201%20S.%20C.%20R.%20103;%2026%20D.%20L.%20R.%20(4%20th%20)%20200,0,0,0,0,0,0,0,0,0,0
DC528C40,Supreme%20Court%20of%20Canada,0,0,0,0,0,4,R.%20v.%20Sparrow,0,0,0,0,0,0,0,0,0,0
BE221102,Razack,0,0,0,0,0,3,Race%2C%20Space%20and%20the%20Law.%20Unmapping%20a%20White%20Settler%20Society,0,0,0,0,0,0,0,0,0,0
BBB525D4,Harrison,0,0,0,0,0,3,Racing%20to%20the%20Bottom?%20Provincial%20Interdependence%20in%20the%20Canadian%20Federation,0,0,0,0,0,0,0,0,0,0
2.31117E+14,Harrison,0,0,0,0,0,3,Racing%20to%20the%20Bottom?%20Provincial%20Interdependence%20in%20the%20Canadian%20Federation,0,0,0,0,0,0,0,0,0,0
EF9D540B,Harrison,0,0,0,0,0,3,Racing%20to%20the%20Bottom?%20Provincial%20Interdependence%20in%20the%20Canadian%20Federation,0,0,0,0,0,0,0,0,0,0
3BA74A24,Dieckhoff,0,0,0,0,0,3,Rapprochement%20et%20différence%20:%20le%20paradoxe%20du%20nationalisme%20contemporain,0,0,0,0,0,0,0,0,0,0
83BCECFC,Jackman,0,0,0,0,0,3,Reality%20Checks:%20Presuming%20Innocence%20and%20Proving%20Guilt%20in%20Charter%20Welfare%20Cases,0,0,0,0,0,0,0,0,0,0
9CB2E5FD,Meekison,Telford,Lazar,0,0,0,3,Reconsidering%20the%20Institutions%20of%20Canadian%20Federalism,0,0,0,0,0,0,0,0,0,0
72B9EB02,Borrows,0,0,0,0,0,3,Recovering%20Canada:%20The%20Resurgence%20of%20Indigenous%20Law,0,0,0,0,0,0,0,0,0,0
2E98210D,Coulthard,0,0,0,0,0,3,Red%20Skin%2C%20White%20Masks,0,0,0,0,0,0,0,0,0,0
97511866,Schneiderman,0,0,0,0,0,3,Red%2C%20White%20and%20Kind%20of%20Blue?%20,0,0,0,0,0,0,0,0,0,0
53532075,Drache,0,0,0,0,0,3,Rediscovering%20Canadian%20Political%20Economy,0,0,0,0,0,0,0,0,0,0
DC5A3882,Drache,0,0,0,0,0,3,Rediscovering%20Canadian%20Political%20Economy,0,0,0,0,0,0,0,0,0,0
B38DE1E6,Drache,0,0,0,0,0,3,Rediscovering%20Canadian%20Political%20Economy,0,0,0,0,0,0,0,0,0,0
086EF42B,Supreme%20Court%20of%20Canada,0,0,0,0,0,4,Reference%20re%20Resolution%20to%20amend%20the%20Constitution%2C%20[1981]%201%20S.C.R.%20753,0,0,0,0,0,0,0,0,0,0
42B063DA,Supreme%20Court%20of%20Canada,0,0,0,0,0,4,Reference%20Re%20Secession%20of%20Quebec%20[1998]%202%20S.C.R.%20217,0,0,0,0,0,0,0,0,0,0
52063A3F,Supreme%20Court%20of%20Canada,0,0,0,0,0,4,Reference%20Re%20Secession%20of%20Quebec%20[1998]%202%20S.C.R.%20217,0,0,0,0,0,0,0,0,0,0
AB23D197,Supreme%20Court%20of%20Canada,0,0,0,0,0,4,Reference%20Re%20Secession%20of%20Quebec%20[1998]%202%20S.C.R.%20217,0,0,0,0,0,0,0,0,0,0
32FF27CF,Supreme%20Court%20of%20Canada,0,0,0,0,0,4,Reference%20Re%20Secession%20of%20Quebec%20[1998]%202%20S.C.R.%20217,0,0,0,0,0,0,0,0,0,0
86BFC846,Supreme%20Court%20of%20canada,0,0,0,0,0,3,Reference%20Re%20Secession%20of%20Quebec%20[1998]%202%20S.C.R.%20217,0,0,0,0,0,0,0,0,0,0
37B92AE9,Supreme%20Court%20of%20Canada,0,0,0,0,0,4,Reference%20Re%20Secession%20of%20Quebec%20[1998]%202%20S.C.R.%20217,0,0,0,0,0,0,0,0,0,0
5AF6E3F6,Supreme%20Court%20of%20Canada,0,0,0,0,0,4,Reference%20re%20Senate%20Reform%20,0,0,0,0,0,0,0,0,0,0
DAD76469,Supreme%20Court%20of%20canada,0,0,0,0,0,4,Reference%20Whether%20Indians%20includes%20Eskimo.,0,0,0,0,0,0,0,0,0,0
C9166FB2,Dupre,0,0,0,0,0,3,Reflections%20on%20the%20Workability%20of%20Executive%20Federalism,0,0,0,0,0,0,0,0,0,0
A5F2DCE5,Dupre,0,0,0,0,0,3,Reflections%20on%20the%20Workability%20of%20Executive%20Federalism,0,0,0,0,0,0,0,0,0,0
790A4FE6,Dupre,0,0,0,0,0,3,Reflections%20on%20the%20Workability%20of%20Executive%20Federalism,0,0,0,0,0,0,0,0,0,0
53E2F6AF,Abu-Laban,0,0,0,0,0,3,Reform%20by%20Stealth:%20The%20Harper%20Conservatives%20and%20Canadian%20Multiculturalism,0,0,0,0,0,0,0,0,0,0
F3248513,Bickerton,0,0,0,0,0,3,Regionalism%20in%20Canada,0,0,0,0,0,0,0,0,0,0
25678213,Albo,Jenson,0,0,0,0,3,Remapping%20Canada:%20The%20State%20in%20an%20Era%20of%20Globalization,0,0,0,0,0,0,0,0,0,0
F5D8DFC3,Albo,Jenson,0,0,0,0,3,Remapping%20Canada:%20The%20State%20in%20an%20Era%20of%20Globalization,0,0,0,0,0,0,0,0,0,0
F93ADF65,Albo,Jenson,0,0,0,0,3,Remapping%20Canada:%20The%20State%20in%20an%20Era%20of%20Globalization,0,0,0,0,0,0,0,0,0,0
4967ED95,Albo,Jenson,0,0,0,0,3,Remapping%20Canada:%20The%20State%20in%20an%20Era%20of%20Globalization,0,0,0,0,0,0,0,0,0,0
40A95848,Supreme%20Court%20of%20Canada,0,0,0,0,0,4,Renvoi%20relatif%20à%20la%20sécession%20du%20Québec,0,0,0,0,0,0,0,0,0,0
78827F21,The%20Royal%20Commission%20on%20Aboriginal%20Peoples,0,0,0,0,0,4,Report%20of%20the%20Royal%20Commission%20on%20Aboriginal%20Peoples,0,0,0,0,0,0,0,0,0,0
0685CF4A,The%20Royal%20Commission%20on%20Aboriginal%20Peoples,0,0,0,0,0,4,Report%20of%20the%20Royal%20Commission%20on%20Aboriginal%20Peoples,0,0,0,0,0,0,0,0,0,0
09D867EC,Kwanvick,0,0,0,0,0,4,Report%20of%20the%20Royal%20Commission%20on%20Constitutional%20Problems,0,0,0,0,0,0,0,0,0,0
E8889557,Smiley,0,0,0,0,0,4,Report%20of%20the%20Royal%20Commission%20on%20Dominion-Provincial%20Relations%20(Roswell-Sirois),0,0,0,0,0,0,0,0,0,0
B76402AA,Government%20of%20Canada,0,0,0,0,0,4,Report%20of%20the%20Royal%20Commission%20on%20the%20Economic%20Union%20and%20Development%20Prospects%20of%20Canada,0,0,0,0,0,0,0,0,0,0
EB85DF59,Macdonald%20Commission,0,0,0,0,0,4,Report%20of%20the%20Royal%20Commission%20on%20the%20Economic%20Union%20and%20Developmental%20Prospects%20for%20Canada,0,0,0,0,0,0,0,0,0,0
A320E270,Government%20of%20Canada,0,0,0,0,0,4,Report%20of%20the%20Special%20Committee%20on%20Reform%20of%20the%20House%20of%20Commons,0,0,0,0,0,0,0,0,0,0
9.25E+222,Lortie%20Commission,0,0,0,0,0,4,Report%2C%20Volume%201%2C%20Royal%20Commission%20on%20Electoral%20Reform%20and%20Party%20Financing%20(Lortie%20Commission)%2C%201990-1992,0,0,0,0,0,0,0,0,0,0
736CA807,Aucoin,0,0,0,0,0,3,Responsible%20Government%20and%20Citizen%20Engagement%20at%20the%20Millennium:%20Are%20Political%20Parties%20Irrelevant,0,0,0,0,0,0,0,0,0,0
E83214B4,Aucoin,0,0,0,0,0,3,Responsible%20Government%20and%20Citizen%20Engagement%20at%20the%20Millennium:%20Are%20Political%20Parties%20Irrelevant,0,0,0,0,0,0,0,0,0,0
29678766,Philips,0,0,0,0,0,3,Restructuring%20Civil%20Society,0,0,0,0,0,0,0,0,0,0
93DDBD77,Hicks,Blais,0,0,0,0,4,Restructuring%20the%20Canadian%20Senate%20through%20Elections,0,0,0,0,0,0,0,0,0,0
ACB27010,Laycock,Erickson,0,0,0,0,3,Reviving%20Social%20Democracy:%20The%20Near%20Death%20and%20Surprising%20Rise%20of%20the%20Federal%20NDP,0,0,0,0,0,0,0,0,0,0
B0FBE55A,Lipset,0,0,0,0,0,3,Revolution%20and%20Counterrevolution,0,0,0,0,0,0,0,0,0,0
56F16BC0,Supreme%20Court%20of%20Canada,0,0,0,0,0,4,Roncarelli%20v.%20Duplessis,0,0,0,0,0,0,0,0,0,0
BD12C973,Government%20of%20Canada,0,0,0,0,0,4,Royal%20Commission%20on%20the%20Status%20of%20Women%20in%20Canada,0,0,0,0,0,0,0,0,0,0
D06D0AA6,Government%20of%20Canada,0,0,0,0,0,4,Royal%20Commission%20on%20the%20Status%20of%20Women%20in%20Canada,0,0,0,0,0,0,0,0,0,0
060BDF1E,Green,0,0,0,0,0,3,Self-Determination%2C%20Citizenship%2C%20and%20Federalism:%20Indigenous%20and%20Canadian%20Palimpsest,0,0,0,0,0,0,0,0,0,0
1C459C99,Abu-Laban,Gabriel,0,0,0,0,3,Selling%20Diversity.%20Immigration%2C%20Multiculturalism%2C%20Employment%20Equity%2C%20and%20Globalization,0,0,0,0,0,0,0,0,0,0
15B4D786,Grofman,0,0,0,0,0,3,Seven%20Durable%20Axes%20of%20Cleavage%20in%20Political%20Science,0,0,0,0,0,0,0,0,0,0
30F9D91C,Namaste,0,0,0,0,0,3,Sex%20Change%2C%20Social%20Change:%20Reflections%20on%20Identity%2C%20Institutions%20and%20Imperialism,0,0,0,0,0,0,0,0,0,0
B023AB62,Taylor,0,0,0,0,0,3,Shared%20and%20Divergent%20Values,0,0,0,0,0,0,0,0,0,0
FF545190,Taylor,0,0,0,0,0,3,Shared%20and%20Divergent%20Values,0,0,0,0,0,0,0,0,0,0
545EB9EA,Taylor,0,0,0,0,0,3,Shared%20and%20Divergent%20Values,0,0,0,0,0,0,0,0,0,0
86B409A0,Young,0,0,0,0,0,3,Slow%20to%20Change:%20Women%20in%20the%20House%20of%20Commons,0,0,0,0,0,0,0,0,0,0
6A5C9EF0,Banting,0,0,0,0,0,3,Social%20Citizenship%20and%20Federalism:%20Is%20a%20Federal%20Welfare%20State%20a%20Contradiction%20in%20Terms?,0,0,0,0,0,0,0,0,0,0
DF99AF88,Carroll,Coburn,0,0,0,0,3,Social%20Movements%20and%20Transformation,0,0,0,0,0,0,0,0,0,0
C4FFC220,Carroll,Coburn,0,0,0,0,3,Social%20Movements%20and%20Transformation,0,0,0,0,0,0,0,0,0,0
6A817108,Caroll,Coburn,0,0,0,0,3,Social%20Movements%20and%20Transformation,0,0,0,0,0,0,0,0,0,0
D534F78B,Carroll,Coburn,0,0,0,0,3,Social%20Movements%20and%20Transformation,0,0,0,0,0,0,0,0,0,0
9C4B73CA,Phillips,0,0,0,0,0,3,Social%20Movements%20in%20Canadian%20Politics:%20Past%20Their%20Apex?,0,0,0,0,0,0,0,0,0,0
81709FBF,Cairns,Wong%20Daniel,0,0,0,0,3,Socialism%2C%20Federalism%2C%20and%20the%20BC%20Party%20System,0,0,0,0,0,0,0,0,0,0
52D36F9B,Dion,0,0,0,0,0,3,"Société%20et%20politique%2C%20La%20vie%20des%20groupes,",0,0,0,0,0,0,0,0,0,0
AB1CE048,OBrien.%20Robert,0,0,0,0,0,3,Solidarity%20First:%20Canadian%20Workers%20&%20Social%20Cohesion,0,0,0,0,0,0,0,0,0,0
A7BA091F,Stokes,0,0,0,0,0,3,Spatial%20Models%20of%20Party%20Competition,0,0,0,0,0,0,0,0,0,0
4C8021B3,Pal,0,0,0,0,0,3,State%20and%20Society.%20Conceptualizing%20the%20Relationship,0,0,0,0,0,0,0,0,0,0
82B139A7,Trudeau,0,0,0,0,0,3,Statement%20on%20Multiculturalism,0,0,0,0,0,0,0,0,0,0
4DBCA967,Trudeau,0,0,0,0,0,4,Statement%20on%20Multiculturalism%20to%20the%20House%20of%20Commons,0,0,0,0,0,0,0,0,0,0
FBA1EB9B,Milner,0,0,0,0,0,3,Steps%20Toward%20Making%20Every%20Vote%20Count:%20Electoral%20System%20Reform%20in%20Canada%20,0,0,0,0,0,0,0,0,0,0
8E7BFBFA,Milner,0,0,0,0,0,3,Steps%20Toward%20Making%20Every%20Vote%20Count:%20Electoral%20System%20Reform%20in%20Canada%20,0,0,0,0,0,0,0,0,0,0
9D2550BE,Trimble,Arscott,0,0,0,0,3,Still%20Counting,0,0,0,0,0,0,0,0,0,0
3B864B91,Woodsworth,0,0,0,0,0,3,Strangers%20Within%20Our%20Gates,0,0,0,0,0,0,0,0,0,0
6E0D4C94,ONeill,0,0,0,0,0,3,Sugar%20and%20Spice?%20Political%20culture%20and%20the%20political%20behaviour%20of%20Canadian%20women.%20In%20Joanna%20Everitt%20and%20Brenda%20ONeill%2C%20editors%2C%20Citizen%20Politics:%20Research%20and%20Theory%20in%20Canadian%20Political%20Behaviour,0,0,0,0,0,0,0,0,0,0
539A8AA3,Lang,Warren,0,0,0,0,3,Supplementary%20Democracy?%20Democratic%20Deficits%20and%20Citizens%20Assemblies,0,0,0,0,0,0,0,0,0,0
7CD86946,Breton,0,0,0,0,0,4,Supplementary%20Statement”%20in%20Royal%20Commission%20on%20the%20Economic%20Union%20and%20Development%20Prospects%20for%20Canada%2C%20Volume%20III,0,0,0,0,0,0,0,0,0,0
284E7AE0,Wiseman,0,0,0,0,0,3,Surveying%20and%20Comparing%20Political%20Cultures,0,0,0,0,0,0,0,0,0,0
21B3307E,Gagnon,0,0,0,0,0,3,Taking%20Stock%20of%20Asymmetrical%20Federalism%20in%20an%20Era%20of%20Exacerbated%20Centralization,0,0,0,0,0,0,0,0,0,0
B1A48B70,White,0,0,0,0,0,3,The%20Centre%20of%20the%20Democratic%20Deficit:%20Power%20and%20Influence%20in%20Canadian%20Political%20Executives,0,0,0,0,0,0,0,0,0,0
E582B965,White,0,0,0,0,0,3,The%20Centre%20of%20the%20Democratic%20Deficit:%20Power%20and%20Influence%20in%20Canadian%20Political%20Executives,0,0,0,0,0,0,0,0,0,0
D9C04506,White,0,0,0,0,0,3,The%20Centre%20of%20the%20Democratic%20Deficit:%20Power%20and%20Influence%20in%20Canadian%20Political%20Executives,0,0,0,0,0,0,0,0,0,0
46DFD477,Taras,Waddell,0,0,0,0,3,The%202011%20Federal%20Election%20and%20the%20Transformation%20of%20Canadian%20Media%20and%20Politics,0,0,0,0,0,0,0,0,0,0
862A43D1,Rocher,0,0,0,0,0,3,The%20Ambiguities%20of%20a%20Bilingual%20and%20Multicultural%20Canada,0,0,0,0,0,0,0,0,0,0
090A2AB4,Hiebert,0,0,0,0,0,3,The%20Canadian%20Charter%20of%20Rights%20and%20Freedoms,0,0,0,0,0,0,0,0,0,0
B5A0DE35,Fudge,0,0,0,0,0,3,The%20Canadian%20Charter%20of%20Rights:%20Recognition%2C%20Redistribution%2C%20and%20the%20Imperialism%20of%20the%20Courts,0,0,0,0,0,0,0,0,0,0
BD3D73BE,Kanji,Bilodeau,Scotto,0,0,0,3,The%20Canadian%20Election%20Studies:%20Assessing%20Four%20Decades%20of%20Influence,0,0,0,0,0,0,0,0,0,0
B3E71EA3,Ajzenstat,0,0,0,0,0,3,The%20Canadian%20Founding:%20John%20Locke%20and%20Parliament,0,0,0,0,0,0,0,0,0,0
714766C6,Franks,0,0,0,0,0,3,The%20Canadian%20Senate%20in%20Modern%20Times,0,0,0,0,0,0,0,0,0,0
2A26AAC1,Panitch,0,0,0,0,0,3,The%20Canadian%20State.%20Political%20Economy%20and%20Political%20Power,0,0,0,0,0,0,0,0,0,0
8A4E9D28,Panitch,0,0,0,0,0,3,The%20Canadian%20State.%20Political%20Economy%20and%20Political%20Power,0,0,0,0,0,0,0,0,0,0
E8A3353E,Panitch,0,0,0,0,0,3,The%20Canadian%20State.%20Political%20Economy%20and%20Political%20Power,0,0,0,0,0,0,0,0,0,0
668C6FCB,Johnston,Blais,Gidengil,Nevitte,0,0,3,The%20Challenge%20of%20Direct%20Democracy:%20The%201992%20Canadian%20Referendum,0,0,0,0,0,0,0,0,0,0
AC47E881,Salee,Coleman,0,0,0,0,3,The%20Challenge%20of%20the%20Quebec%20Question:%20Paradigm%2C%20Counter%20Paradigm%20and…?,0,0,0,0,0,0,0,0,0,0
49AEC303,Hogg,Bushell,0,0,0,0,3,The%20Charter%20Dialogue%20Between%20the%20Courts%20and%20Legislatures,0,0,0,0,0,0,0,0,0,0
FB4579EB,Woehrling,0,0,0,0,0,3,The%20Charter%20of%20Rights%20and%20Freedoms%20and%20its%20Consequences%20for%20Political%20and%20Democratic%20Life%20and%20the%20Federal%20System,0,0,0,0,0,0,0,0,0,0
04704C01,Mandel,0,0,0,0,0,3,The%20Charter%20of%20Rights%20and%20the%20Legalization%20of%20Politics%20in%20Canada,0,0,0,0,0,0,0,0,0,0
99281A10,Morton,Knopff,0,0,0,0,3,The%20Charter%20Revolution%20&%20The%20Court%20Party,0,0,0,0,0,0,0,0,0,0
DEB31D67,Morton,Knopff,0,0,0,0,3,The%20Charter%20Revolution%20&%20The%20Court%20Party,0,0,0,0,0,0,0,0,0,0
8.9866E+41,Morton,Knopff,0,0,0,0,3,The%20Charter%20Revolution%20&%20The%20Court%20Party,0,0,0,0,0,0,0,0,0,0
2D190CBA,Morton,Knopff,0,0,0,0,3,The%20Charter%20Revolution%20&%20The%20Court%20Party,0,0,0,0,0,0,0,0,0,0
45789228,Government%20of%20Canada,0,0,0,0,0,3,The%20Clarity%20Act,0,0,0,0,0,0,0,0,0,0
B5FED9AA,Clarkson,Lewis,0,0,0,0,3,The%20Contested%20State:%20Canada%20in%20the%20Post-Cold%20War%2C%20Post-Keynesian%2C%20Post-Fordist%2C%20Post-National%20Era,0,0,0,0,0,0,0,0,0,0
CEBA5FB8,Albo,0,0,0,0,0,3,The%20Crisis%20and%20Economic%20Alternatives,0,0,0,0,0,0,0,0,0,0
B80DC2C0,Bannerji,0,0,0,0,0,3,The%20Dark%20Side%20of%20the%20Nation,0,0,0,0,0,0,0,0,0,0
C199F36F,Nevitte,0,0,0,0,0,3,The%20Decline%20of%20Deference,0,0,0,0,0,0,0,0,0,0
DAE5BF97,Nevitte,0,0,0,0,0,3,The%20Decline%20of%20Deference,0,0,0,0,0,0,0,0,0,0
1C8A7A43,Montpetit,0,0,0,0,0,3,The%20Deliberative%20and%20Adversial%20Attitudes%20of%20Interest%20Groups,0,0,0,0,0,0,0,0,0,0
E0FD3130,Simeon,Robinson,Wallner,0,0,0,3,The%20Dynamics%20of%20Canadian%20Federalism,0,0,0,0,0,0,0,0,0,0
58836A61,Simeon,Robinson,Wallner,0,0,0,3,The%20Dynamics%20of%20Canadian%20Federalism,0,0,0,0,0,0,0,0,0,0
0C53B7A7,Simeon,Robinson,Wallner,0,0,0,3,The%20Dynamics%20of%20Canadian%20Federalism,0,0,0,0,0,0,0,0,0,0
C7DC4939,Pagano,Leonardi,0,0,0,0,3,The%20Dynamics%20of%20Federalism%20in%20National%20and%20Supranational%20Political%20Systems,0,0,0,0,0,0,0,0,0,0
ECC0FF55,Cairns,0,0,0,0,0,3,The%20Embedded%20State:%20State-Society%20Relations%20in%20Canada,0,0,0,0,0,0,0,0,0,0
DB28B8DA,Cairns,0,0,0,0,0,3,The%20Embedded%20State:%20State-Society%20Relations%20in%20Canada,0,0,0,0,0,0,0,0,0,0
F45E749F,Savoie,0,0,0,0,0,3,The%20Federal%20Government:%20Revisiting%20Court%20Government%20in%20Canada,0,0,0,0,0,0,0,0,0,0
466AE9F1,Savoie,0,0,0,0,0,3,The%20Federal%20Government:%20Revisiting%20Court%20Government%20in%20Canada,0,0,0,0,0,0,0,0,0,0
E9252DA5,Rocher,Smith,0,0,0,0,3,The%20Four%20Dimensions%20of%20Canadian%20Federalism,0,0,0,0,0,0,0,0,0,0
50A0A98C,Rocher,Smith,0,0,0,0,3,The%20Four%20Dimensions%20of%20Canadian%20Federalism,0,0,0,0,0,0,0,0,0,0
AB324C16,Stasiulis,Jhappan,0,0,0,0,3,The%20Fractious%20Politics%20of%20a%20Settler%20Society,0,0,0,0,0,0,0,0,0,0
8FFB1962,Cairns,0,0,0,0,0,3,The%20Fragmentation%20of%20Canadian%20citizenship,0,0,0,0,0,0,0,0,0,0
99639B85,Cairns,0,0,0,0,0,3,The%20Fragmentation%20of%20Canadian%20Citizenship,0,0,0,0,0,0,0,0,0,0
F49C0064,Bakker,0,0,0,0,0,3,The%20Gendered%20Foundations%20of%20Economic%20Restructuring%20in%20Canada,0,0,0,0,0,0,0,0,0,0
0CC3AFCB,Skogstad,Cameron,Papillon,Banting,0,0,3,The%20Global%20Promise%20of%20Federalism,0,0,0,0,0,0,0,0,0,0
C47BE261,Herman,0,0,0,0,0,3,The%20Good%2C%20the%20Bad%2C%20and%20the%20Smugly:%20Sexual%20Orientation%20and%20Perspectives%20on%20the%20Charter,0,0,0,0,0,0,0,0,0,0
D9ED1338,Cairns,0,0,0,0,0,3,The%20Governments%20and%20Societies%20of%20Canadian%20Federalism,0,0,0,0,0,0,0,0,0,0
990DC272,Prince,0,0,0,0,0,3,The%20Hobbesian%20Prime%20Minister%20and%20the%20Night%20Watchman%20State:%20Social%20Policy%20under%20the%20Harper%20Conservatives,0,0,0,0,0,0,0,0,0,0
303AF1BC,Smith,0,0,0,0,0,3,The%20Ideological%20Origins%20of%20Canadian%20Confederation,0,0,0,0,0,0,0,0,0,0
723166C5,Johnston,0,0,0,0,0,3,The%20Ideological%20Structure%20of%20Opinion%20on%20Policy,0,0,0,0,0,0,0,0,0,0
D225FD12,Laforest,0,0,0,0,0,3,The%20Internal%20Exile%20of%20Quebecers%20in%20the%20Canada%20of%20the%20Charter,0,0,0,0,0,0,0,0,0,0
A31E9668,Smith,0,0,0,0,0,3,The%20Invisible%20Crown,0,0,0,0,0,0,0,0,0,0
052D6052,Speers,0,0,0,0,0,3,The%20invisible%20private%20service:%20consultants%20and%20public%20policy%20in%20Canada,0,0,0,0,0,0,0,0,0,0
72D7D5FB,Cairns,0,0,0,0,0,3,The%20Judicial%20Committee%20and%20Its%20Critics,0,0,0,0,0,0,0,0,0,0
DC8F280A,Saywell,0,0,0,0,0,3,The%20Lawmakers:%20Judicial%20Power%20and%20the%20Shaping%20of%20Canadian%20Federalism,0,0,0,0,0,0,0,0,0,0
DDC04D51,Tanguay,0,0,0,0,0,3,The%20Limits%20of%20Democratic%20Reform%20in%20Canada,0,0,0,0,0,0,0,0,0,0
BC39B4EF,Tanguay,0,0,0,0,0,3,The%20Limits%20of%20Democratic%20Reform%20in%20Canada,0,0,0,0,0,0,0,0,0,0
F212D073,Cairns,0,0,0,0,0,3,The%20Living%20Canadian%20Constitution%20,0,0,0,0,0,0,0,0,0,0
8199B202,Cairns,0,0,0,0,0,3,The%20Living%20Canadian%20Constitution%20,0,0,0,0,0,0,0,0,0,0
5A6293CF,Leroux,0,0,0,0,0,3,The%20Many%20Paradoxes%20of%20Race%20in%20Quebec:%20Civilization%2C%20Laicite%20and%20Gender%20Equality,0,0,0,0,0,0,0,0,0,0
072B7BB0,Lawlor,Mahon,Soroka,0,0,0,3,The%20Mass%20Media%20and%20Welfare%20Policy%20Framing:%20A%20Study%20in%20Policy%20Definition,0,0,0,0,0,0,0,0,0,0
444BD125,Cook,0,0,0,0,0,3,The%20Meaning%20of%20Confederation,0,0,0,0,0,0,0,0,0,0
D175EDCD,LaSelva,0,0,0,0,0,3,The%20Moral%20Foundations%20of%20Canadian%20Federalism%20,0,0,0,0,0,0,0,0,0,0
E16AE6E6,Martin,0,0,0,0,0,3,The%20Most%20Dangerous%20Branch,0,0,0,0,0,0,0,0,0,0
5EEACB8F,Aucoin,0,0,0,0,0,3,The%20Mulroney%20Government%201984-1988:%20Priorities%2C%20Positional%20Policy%20and%20Power,0,0,0,0,0,0,0,0,0,0
423B3FFF,Mahon,0,0,0,0,0,3,The%20New%20Canadian%20Political%20Economy%20Revisited:%20Production%2C%20Space%2C%20Identity,0,0,0,0,0,0,0,0,0,0
7DDFC703,Mahon,0,0,0,0,0,3,The%20New%20Canadian%20Political%20Economy%20Revisited:%20Production%2C%20Space%2C%20Identity,0,0,0,0,0,0,0,0,0,0
8687DF3E,Sheppard,0,0,0,0,0,3,The%20Night%20of%20the%20Long%20Knives,0,0,0,0,0,0,0,0,0,0
D4CB9851,Usher,0,0,0,0,0,3,The%20North:%20One%20Land%2C%20Two%20Ways%20of%20Life,0,0,0,0,0,0,0,0,0,0
6CEA5990,Lesson,0,0,0,0,0,3,The%20Notwithstanding%20Clause:%20A%20Paper%20Tiger,0,0,0,0,0,0,0,0,0,0
2AD67D2E,Igartua,0,0,0,0,0,3,The%20Other%20Quiet%20Revolution.%20National%20Identities%20in%20English%20Canada,0,0,0,0,0,0,0,0,0,0
FF499481,Franks,0,0,0,0,0,3,The%20Parliament%20of%20Canada,0,0,0,0,0,0,0,0,0,0
A2DE275A,Franks,0,0,0,0,0,3,The%20Parliament%20of%20Canada,0,0,0,0,0,0,0,0,0,0
A818C3D0,Brodie,Jenson,0,0,0,0,3,The%20Party%20System,0,0,0,0,0,0,0,0,0,0
440B088D,Brodie,Jenson,0,0,0,0,3,The%20Party%20System,0,0,0,0,0,0,0,0,0,0
0021C3A2,Johnston,0,0,0,0,0,3,The%20Party%20System%2C%20Elections%20and%20Social%20Policy%20,0,0,0,0,0,0,0,0,0,0
903CE302,Wiseman,0,0,0,0,0,3,The%20Pattern%20of%20Prairie%20Politics,0,0,0,0,0,0,0,0,0,0
1B50A9F2,Elmer,Langlois,McKelvey,0,0,0,3,The%20Permanent%20Campaign%20Online:%20Platforms%2C%20Actors%20and%20Issue-Objects,0,0,0,0,0,0,0,0,0,0
7B5D4794,Bakker,0,0,0,0,0,3,The%20Political%20Economy%20of%20Gender,0,0,0,0,0,0,0,0,0,0
EF6638C1,Satzewich,0,0,0,0,0,3,The%20Political%20Economy%20of%20Race%20and%20Ethnicity,0,0,0,0,0,0,0,0,0,0
95352EF8,Stasiulis,0,0,0,0,0,3,The%20Political%20Economy%20of%20Race%2C%20Ethnicity%20and%20Migration,0,0,0,0,0,0,0,0,0,0
2281BB70,Russell,0,0,0,0,0,3,The%20Political%20Purposes%20of%20the%20Canadian%20Charter%20of%20Rights%20and%20Freedoms,0,0,0,0,0,0,0,0,0,0
ED24BAC4,Knopff,Morton,0,0,0,0,3,The%20Politics%20of%20Interpretation,0,0,0,0,0,0,0,0,0,0
A1DC8A23,Nesbitt-Larking,0,0,0,0,0,3,The%20Politics%20of%20Public%20Opinion,0,0,0,0,0,0,0,0,0,0
84771CE5,Taylor,0,0,0,0,0,3,The%20Politics%20of%20Recognition,0,0,0,0,0,0,0,0,0,0
26123825,Taylor,0,0,0,0,0,3,The%20Politics%20of%20Recognition,0,0,0,0,0,0,0,0,0,0
B2B38055,Wilson,0,0,0,0,0,3,The%20Politics%20of%20Regulation,0,0,0,0,0,0,0,0,0,0
22772059,Graefe,0,0,0,0,0,3,The%20politics%20of%20social%20and%20economic%20development%20in%20Quebec,0,0,0,0,0,0,0,0,0,0
A995AEA6,Anderson,Stephenson,0,0,0,0,3,The%20Puzzle%20of%20Elections%20and%20Voting%20in%20Canada,0,0,0,0,0,0,0,0,0,0
EE7CB296,Salee,0,0,0,0,0,3,The%20Quebec%20State%20and%20Indigenous%20People,0,0,0,0,0,0,0,0,0,0
EAB8464A,Salee,0,0,0,0,0,3,The%20Quebec%20State%20and%20the%20Management%20of%20Ethnocultural%20Diversity:%20Perspectives%20on%20an%20Ambiguous%20Record,0,0,0,0,0,0,0,0,0,0
D747CCB6,Rocher,0,0,0,0,0,3,The%20Quebec-Canada%20Dynamic%20or%20the%20Negation%20of%20the%20Ideal%20of%20Federalism,0,0,0,0,0,0,0,0,0,0
61C00746,Rocher,0,0,0,0,0,3,The%20Quebec-Canada%20Dynamic%20or%20the%20Negation%20of%20the%20Ideal%20of%20Federalism,0,0,0,0,0,0,0,0,0,0
3ABB89D0,Rocher,0,0,0,0,0,3,The%20Quebec-Canada%20Dynamic%20or%20the%20Negation%20of%20the%20Ideal%20of%20Federalism,0,0,0,0,0,0,0,0,0,0
3A79D0D8,Smith,0,0,0,0,0,3,The%20republican%20option%20in%20Canada%2C%20past%20and%20present,0,0,0,0,0,0,0,0,0,0
3615E707,Papillon,0,0,0,0,0,3,The%20Rise%20(and%20Fall?)%20of%20Aboriginal%20Self-Government%20(Chapter%206),0,0,0,0,0,0,0,0,0,0
777366D9,Olson,0,0,0,0,0,3,The%20Rise%20and%20Decline%20of%20Nations,0,0,0,0,0,0,0,0,0,0
E7C4FDA5,Wolfe,0,0,0,0,0,3,The%20Rise%20and%20Demise%20of%20Keynesian%20Era%20in%20Canada,0,0,0,0,0,0,0,0,0,0
27105265,Naylor,0,0,0,0,0,3,The%20Rise%20and%20Fall%20of%20the%20Third%20Commercial%20Empire%20of%20the%20St.%20Lawrence,0,0,0,0,0,0,0,0,0,0
585CE7BB,Savoie,0,0,0,0,0,3,The%20Rise%20of%20Court%20Government%20in%20Canada,0,0,0,0,0,0,0,0,0,0
53BA228C,Ladner,McCrossan,0,0,0,0,3,The%20Road%20Not%20Taken:%20Aboriginal%20Rights%20after%20the%20Re-Imagining%20of%20the%20Canadian%20Constitutional%20Order,0,0,0,0,0,0,0,0,0,0
31BF323C,Rowell,Sirois,0,0,0,0,3,The%20Rowell-Sirois%20Commission,0,0,0,0,0,0,0,0,0,0
5F748C0B,Immergut,0,0,0,0,0,3,The%20Rules%20of%20the%20Game:%20%20The%20Logic%20of%20Health%20Policy-Making%20in%20France%2C%20Switzerland%2C%20and%20Sweden,0,0,0,0,0,0,0,0,0,0
42D0DE97,Young,0,0,0,0,0,3,The%20secession%20of%20Quebec%20and%20the%20future%20of%20Canada,0,0,0,0,0,0,0,0,0,0
A21F026F,Young,0,0,0,0,0,3,The%20secession%20of%20Quebec%20and%20the%20future%20of%20Canada,0,0,0,0,0,0,0,0,0,0
E3D31748,Young,0,0,0,0,0,3,The%20secession%20of%20Quebec%20and%20the%20future%20of%20Canada,0,0,0,0,0,0,0,0,0,0
12EEE04B,Meisel,0,0,0,0,0,3,The%20Stalled%20Omnibus:%20Canadian%20Parties%20in%20the%201960s,0,0,0,0,0,0,0,0,0,0
34F72F0B,Ursel,0,0,0,0,0,3,The%20State%20and%20the%20Maintenance%20of%20Patriarchy,0,0,0,0,0,0,0,0,0,0
2D102696,Slowey,0,0,0,0,0,3,The%20State%2C%20The%20Marketplace%20and%20First%20Nations:%20Theorizing%20Aboriginal%20Self-Determination%20in%20an%20era%20of%20Globalization,0,0,0,0,0,0,0,0,0,0
B6D11888,Easterbrook,Aitken,0,0,0,0,3,The%20Strategy%20of%20Canadian%20Development%2C%201849%20to%20Confederation,0,0,0,0,0,0,0,0,0,0
90FA4D85,Smiley,0,0,0,0,0,3,The%20Structural%20Problem%20of%20Canadian%20Federalism,0,0,0,0,0,0,0,0,0,0
86F9222D,Cochrane,0,0,0,0,0,3,The%20structure%20and%20dynamics%20of%20public%20opinion,0,0,0,0,0,0,0,0,0,0
51040C0A,McRae,0,0,0,0,0,3,The%20Structure%20of%20Canadian%20History,0,0,0,0,0,0,0,0,0,0
4334101B,Morton,Knopff,0,0,0,0,3,The%20Supreme%20Court%20as%20the%20Vanguard%20of%20the%20Intelligentsia:%20The%20Charter%20Movement%20as%20Postmaterialist%20Politics,0,0,0,0,0,0,0,0,0,0
256D97CF,Kanji,Archer,0,0,0,0,3,The%20Theories%20of%20Voting%20and%20their%20Applicability%20in%20Canada,0,0,0,0,0,0,0,0,0,0
26547AD5,Banting,0,0,0,0,0,3,The%20Three%20Federalisms%20Revisited:%20Social%20Policy%20and%20Intergovernmental%20Decision-making,0,0,0,0,0,0,0,0,0,0
B8AEF2A5,Twavnick,0,0,0,0,0,3,The%20Tremblay%20Report,0,0,0,0,0,0,0,0,0,0
0F4D39FD,Cardinal,0,0,0,0,0,3,The%20Unjust%20Society,0,0,0,0,0,0,0,0,0,0
AC2755C0,Manning,0,0,0,0,0,3,The%20West%20Wants%20In,0,0,0,0,0,0,0,0,0,0
D0494657,Chretien,0,0,0,0,0,3,The%20White%20Paper,0,0,0,0,0,0,0,0,0,0
BA6EC4B7,Dobrowolsky,0,0,0,0,0,3,The%20Womens%20Movement%20in%20Flux:%20Feminism%20and%20Framing%2C%20Passion%20and%20Politics,0,0,0,0,0,0,0,0,0,0
80231CB6,Carty,0,0,0,0,0,3,Three%20Canadian%20Party%20Systems:%20An%20Interpretation%20of%20the%20Development%20of%20National%20Politics,0,0,0,0,0,0,0,0,0,0
90C2D5D2,Symons,0,0,0,0,0,4,To%20Know%20Ourselves,0,0,0,0,0,0,0,0,0,0
59220231,Panitch,Gindin,0,0,0,0,3,Transcending%20Pessimism:%20Rekindling%20Socialist%20Imagination,0,0,0,0,0,0,0,0,0,0
20D5F266,Ladner,0,0,0,0,0,3,Treaty%20Federalism:%20An%20Indigenous%20Vision%20of%20Canadian%20Federalisms,0,0,0,0,0,0,0,0,0,0
572F6E49,Ladner,0,0,0,0,0,3,Treaty%20Federalism:%20An%20Indigenous%20Vision%20of%20Canadian%20Federalisms,0,0,0,0,0,0,0,0,0,0
A6EE9EA7,Forbes,0,0,0,0,0,3,Trudeaus%20Moral%20Vision,0,0,0,0,0,0,0,0,0,0
0317C986,Thomas,0,0,0,0,0,3,Two%20Cheers%20for%20Bureaucracy:%20Canadas%20Public%20Service%20(Chapter%209),0,0,0,0,0,0,0,0,0,0
F6C03F3C,LaSelva,0,0,0,0,0,3,Understanding%20Canadas%20Origins:%20Federalism%2C%20Multiculturalism%2C%20and%20the%20Will%20to%20Live%20Together%20(Chapter%201),0,0,0,0,0,0,0,0,0,0
5B50F2A1,LaSelva,0,0,0,0,0,3,Understanding%20Canadas%20Origins:%20Federalism%2C%20Multiculturalism%2C%20and%20the%20Will%20to%20Live%20Together%20(Chapter%201),0,0,0,0,0,0,0,0,0,0
20DCBB55,Juillet,Paterson,0,0,0,0,3,Une%20difficile%20modernisation%20écologique%20:%20lévolution%20de%20la%20politique%20canadienne%20sur%20les%20changements%20climatiques,0,0,0,0,0,0,0,0,0,0
99BBE7A7,Stasiulis,Abu-Laban,0,0,0,0,3,Unequal%20Relations%20and%20the%20Struggle%20for%20Equality:%20Race%20and%20Ethnicity%20in%20Canadian%20Politics,0,0,0,0,0,0,0,0,0,0
A00709A1,Young,0,0,0,0,0,3,Value%20Clash:%20Parliament%20and%20Citizens%20after%20150%20Years%20of%20Responsible%20Government,0,0,0,0,0,0,0,0,0,0
4D7CE6E7,Young,0,0,0,0,0,3,Value%20Clash:%20Parliament%20and%20Citizens%20after%20150%20Years%20of%20Responsible%20Government,0,0,0,0,0,0,0,0,0,0
D56093EA,Saad-Filho,0,0,0,0,0,3,Value%2C%20Capital%20and%20Exploitation,0,0,0,0,0,0,0,0,0,0
86757851,Stewart,0,0,0,0,0,3,Vanishing%20Points:%20Three%20Paradoxes%20of%20Political%20Culture%20Research,0,0,0,0,0,0,0,0,0,0
75CEB8CC,Stewart,0,0,0,0,0,3,Vanishing%20Points:%20Three%20Paradoxes%20of%20Political%20Culture%20Research,0,0,0,0,0,0,0,0,0,0
0AE51EA1,Stewart,0,0,0,0,0,3,Vanishing%20Points:%20Three%20Paradoxes%20of%20Political%20Culture%20Research,0,0,0,0,0,0,0,0,0,0
6E51B731,Hall,Soskice,0,0,0,0,3,Varieties%20of%20Capitalism:%20The%20Institutional%20Foundations%20of%20Comparative%20Advantage,0,0,0,0,0,0,0,0,0,0
9BD4A73D,Bernard,0,0,0,0,0,3,Vie%20politique%20au%20Canada,0,0,0,0,0,0,0,0,0,0
726C271C,Bernard,0,0,0,0,0,3,Vie%20politique%20au%20Canada,0,0,0,0,0,0,0,0,0,0
D2CBE221,Philips,0,0,0,0,0,3,Voluntary%20Sector-Government%20Relations%20in%20Transition:%20Learning%20from%20International%20Experience%20in%20the%20Canadian%20Context,0,0,0,0,0,0,0,0,0,0
A6B05A76,Alfred,0,0,0,0,0,3,Wasase:%20Indigenous%20Pathways%20of%20Action%20and%20Freedom,0,0,0,0,0,0,0,0,0,0
5A0B6146,Denis,0,0,0,0,0,3,We%20Are%20Not%20You.%20First%20Nations%20and%20Canadian%20Modernity,0,0,0,0,0,0,0,0,0,0
78EE5A49,Petter,0,0,0,0,0,3,Wealthcare:%20The%20Politics%20of%20the%20Charter%20Re-visited,0,0,0,0,0,0,0,0,0,0
4C47C4F5,Petter,0,0,0,0,0,3,Wealthcare:%20The%20Politics%20of%20the%20Charter%20Re-visited,0,0,0,0,0,0,0,0,0,0
7ADC9A91,Elton,Gibbins,0,0,0,0,3,Western%20Alienation%20and%20Political%20culture,0,0,0,0,0,0,0,0,0,0
E5C86468,Tanguay-Renaud,0,0,0,0,0,3,What%20Happens%20Next%20If%20PM%20Loses%20Vote%20on%20Coming%20Budget,0,0,0,0,0,0,0,0,0,0
C09E83B2,Bradford,Williams,0,0,0,0,3,What%20Went%20Wrong?%20Explaining%20Canadian%20Industrialization,0,0,0,0,0,0,0,0,0,0
17634C18,Tanguay,0,0,0,0,0,3,Whats%20So%20Bad%20About%20Cultivating%20Our%20Own%20Theoretical%20Gardens?%20The%20Study%20of%20Political%20Parties%20in%20Canada,0,0,0,0,0,0,0,0,0,0
DE2F5818,Tanguay,0,0,0,0,0,3,Whats%20So%20Bad%20About%20Cultivating%20Our%20Own%20Theoretical%20Gardens?%20The%20Study%20of%20Political%20Parties%20in%20Canada,0,0,0,0,0,0,0,0,0,0
1C0A9A0C,Trimble,0,0,0,0,0,3,When%20do%20Women%20Count?%20Substantive%20Representation%20of%20Women%20in%20Canadian%20Legislatures,0,0,0,0,0,0,0,0,0,0
7A639AA6,Vallieres,0,0,0,0,0,3,White%20Niggers%20of%20America,0,0,0,0,0,0,0,0,0,0
885E5845,Graefe,0,0,0,0,0,3,Whither%20the%20Quebec%20Model?%20Boom%2C%20Bust%20and%20Quebec%20Labour,0,0,0,0,0,0,0,0,0,0
53A273FD,Vickers,0,0,0,0,0,3,Why%20Should%20Women%20Care%20About%20Federalism?,0,0,0,0,0,0,0,0,0,0
40FFA640,Slattery,0,0,0,0,0,3,Why%20the%20Governor%20General%20Matters,0,0,0,0,0,0,0,0,0,0
52DA8500,Clarke,Scotto,Reifler,Kornberg,0,0,3,Winners%20and%20Losers:%20Voters%20in%20the%202011%20Federal%20Election,0,0,0,0,0,0,0,0,0,0
E9572ECB,Flanagan,0,0,0,0,0,3,Winning%20Power:%20Canadian%20Campaigning%20in%20the%2021st%20Century,0,0,0,0,0,0,0,0,0,0
EEEA81EE,Thomas,Young,0,0,0,0,3,Women%20(Not)%20in%20Politics:%20Womens%20Electoral%20Participation%20(Chapter%2017),0,0,0,0,0,0,0,0,0,0
DE437A34,Thomas,Young,0,0,0,0,3,Women%20(Not)%20in%20Politics:%20Womens%20Electoral%20Participation%20(Chapter%2017),0,0,0,0,0,0,0,0,0,0
2C55F97F,Gotell,Brodie,0,0,0,0,3,Women%20and%20Parties:%20More%20Than%20an%20Issue%20of%20Numbers,0,0,0,0,0,0,0,0,0,0
D5AEC2AA,Erickson,0,0,0,0,0,3,Women%20and%20Political%20Representation%20in%20British%20Columbia%20,0,0,0,0,0,0,0,0,0,0
3B92E065,Trimble,Tremblay,0,0,0,0,3,Women%20Politicians%20in%20Canadas%20Parliament%20and%20Legislatures%2C%201917-2000:%20A%20Socio-Demographic%20Profile,0,0,0,0,0,0,0,0,0,0
FF4E212D,Gidengil,Blais,Nadeau,Nevitte,0,0,3,Women%20to%20the%20Left?%20Gender%20Differences%20in%20Political%20Beliefs%20and%20Policy%20Preferences,0,0,0,0,0,0,0,0,0,0
18B8DA22,Bashevkin,0,0,0,0,0,3,Women%2C%20Power%2C%20Politics:%20Surveying%20the%20Canadian%20Landscape,0,0,0,0,0,0,0,0,0,0
42F4D8DE,ONeill,0,0,0,0,0,3,Womens%20Status%20Across%20the%20Canadian%20Provinces,0,0,0,0,0,0,0,0,0,0
1C8A4783,James,0,0,0,0,0,3,Wrestling%20with%20the%20Past:%20Apologies%2C%20Quasi-Apologies%2C%20and%20Non-Apologies%20in%20Canada,0,0,0,0,0,0,0,0,0,0







,,,,,,,,,,,,,,,,,,